filename,predict,golden,positive count,negative count,neutral count
elizabeth.9-DJBZ1I4Vw.07.txt,Neutral,Positive,100,29,143
donald.3mRDW3X4k9k.01.txt,Neutral,Neutral,5,2,194
joe.oM10W_hLaS8.20.txt,Negative,Neutral,3,267,26
elizabeth.wrbtH3y52mU.02.txt,Neutral,Neutral,29,90,181
pete.9JuDyoLsdpg.00.txt,Positive,Positive,80,5,65
kamala.uzAdNs8oXZo.02.txt,Neutral,Neutral,56,49,145
elizabeth.0Kybc1tWkC4.01.txt,Neutral,Negative,37,47,216
andrew.0k9pOXSfy0E.27.txt,Neutral,Positive,163,169,268
kamala.a0Kf9YIXSVk.08.txt,Neutral,Neutral,53,54,188
amy.HGvqJI2MC6U.14.txt,Positive,Neutral,158,109,33
beto.DXIklJWTn6Y.04.txt,Positive,Neutral,191,55,54
beto.yi3qMl8QwWw.01.txt,Neutral,Negative,7,53,145
pete.BVWdUT-4PMw.06.txt,Neutral,Positive,106,21,165
kamala.01NsSWa4BLU.00.txt,Neutral,Neutral,0,9,291
bernie.NZ_WulgST3U.09.txt,Neutral,Neutral,1,31,246
andrew.nDWwRWYP3_U.01.txt,Negative,Positive,71,102,77
kamala.a0Kf9YIXSVk.04.txt,Neutral,Negative,28,81,189
julian.mgdXC_k_Kkg.00.txt,Neutral,Neutral,50,37,163
donald.QqVYRTHJ8Rw.00.txt,Negative,Positive,42,158,100
amy.DpmOY2m27jY.11.txt,Negative,Positive,83,116,78
pete.xBokmGo4vrg.10.txt,Neutral,Positive,72,28,200
donald.h7q5PSYH4Xk.00.txt,Negative,Neutral,2,178,118
amy.IIrv5o2i_Hs.11.txt,Negative,Positive,50,148,102
donald.O9__G3I0Mc0.11.txt,Negative,Neutral,13,199,76
kamala.VKBs2GQNlGw.03.txt,Neutral,Positive,144,6,150
andrew.0k9pOXSfy0E.10.txt,Neutral,Neutral,18,93,489
elizabeth.9-DJBZ1I4Vw.02.txt,Positive,Positive,205,57,38
amy.9TwHGr4BCkE.05.txt,Positive,Positive,83,16,81
kamala.XiorcQd7tzQ.03.txt,Neutral,Negative,4,38,258
julian.QtsE34OY0mw.22.txt,Neutral,Neutral,6,81,213
andrew.0k9pOXSfy0E.15.txt,Neutral,Neutral,168,15,417
cory.hMR1sGNlHqo.00.txt,Neutral,Negative,13,93,194
donald.3bEqkOTJ9eA.22.txt,Neutral,Neutral,10,79,161
beto.dzbPwgKsHbY.00.txt,Neutral,Positive,53,43,201
donald.MyJ21nxo_QQ.04.txt,Neutral,Neutral,2,92,160
julian.QtsE34OY0mw.08.txt,Neutral,Neutral,16,13,271
bernie.RPZVxKBLHiw.12.txt,Neutral,Negative,21,94,185
andrew.cJrKz9V5Ltg.01.txt,Neutral,Neutral,93,22,184
cory.mfkRcqbnZuc.00.txt,Neutral,Neutral,28,30,242
andrew.crU72vuhWTk.03.txt,Positive,Neutral,268,13,19
julian.rMKU-5AupA.01.txt,Neutral,Positive,42,32,176
elizabeth.h4WIQJtJL6A.10.txt,Neutral,Neutral,7,99,134
andrew.0k9pOXSfy0E.25.txt,Neutral,Neutral,23,269,308
pete.BVWdUT-4PMw.04.txt,Neutral,Neutral,81,32,175
andrew.1wgHzb8Eu9o.00.txt,Positive,Neutral,167,20,64
pete.z85rKK-HoRI.06.txt,Neutral,Neutral,32,58,210
julian.UlqLOzIUW_U.23.txt,Neutral,Neutral,75,94,131
pete.iJBGlThAQY4.00.txt,Positive,Positive,217,9,74
pete.iJBGlThAQY4.14.txt,Neutral,Neutral,33,23,244
beto.yi3qMl8QwWw.00.txt,Neutral,Neutral,14,63,143
pete.z85rKK-HoRI.02.txt,Neutral,Positive,123,51,126
donald.xa7MY2_pmxU.00.txt,Neutral,Positive,92,102,106
amy.9TwHGr4BCkE.19.txt,Positive,Positive,190,34,9
julian.ceYazOAJE28.09.txt,Neutral,Neutral,8,19,273
cory.c6aVnXmrlyc.05.txt,Neutral,Positive,35,50,215
pete.xBokmGo4vrg.06.txt,Neutral,Positive,7,3,290
donald.DIf_vjjmupA.07.txt,Neutral,Neutral,7,17,71
andrew.0w8qpKhZR2s.01.txt,Positive,Neutral,157,19,74
joe.nLueIWItvOY.00.txt,Neutral,Neutral,4,116,178
elizabeth.h4WIQJtJL6A.07.txt,Neutral,Neutral,43,91,106
joe.9rk1CKs548o.00.txt,Neutral,Neutral,52,110,138
julian.QtsE34OY0mw.01.txt,Neutral,Neutral,19,16,261
amy.9TwHGr4BCkE.10.txt,Neutral,Positive,37,56,145
cory.Mu717xfFPVI.08.txt,Neutral,Negative,41,117,142
joe.7CQm0D6o9jg.00.txt,Negative,Positive,49,101,42
kamala.01NsSWa4BLU.01.txt,Positive,Neutral,160,9,131
joe.oM10W_hLaS8.10.txt,Negative,Neutral,0,172,118
cory.ZA8dHJ-Q0Eg.00.txt,Positive,Positive,173,5,116
andrew.50aDxO2uscs.30.txt,Negative,Positive,96,104,93
kamala.HU4OMUzZvYc.00.txt,Neutral,Neutral,4,72,173
joe.SZbCvfTQdcM.01.txt,Neutral,Neutral,4,6,74
julian.UlqLOzIUW_U.19.txt,Negative,Neutral,48,205,47
cory.bvSfBCCJPfg.02.txt,Neutral,Positive,125,24,151
cory.1L57pOuUCKQ.03.txt,Neutral,Negative,20,15,263
bernie.jNHOwtt2OoE.14.txt,Neutral,Neutral,140,2,158
andrew.0k9pOXSfy0E.09.txt,Neutral,Neutral,11,71,518
andrew.50aDxO2uscs.13.txt,Neutral,Neutral,19,92,179
amy.ov_6JM6Sceg.05.txt,Negative,Neutral,52,186,36
kamala.aTO3DQ-MxIQ.08.txt,Neutral,Negative,78,45,159
donald.3bEqkOTJ9eA.23.txt,Neutral,Neutral,0,52,178
kamala.2i-gy7dyHz0.05.txt,Neutral,Negative,56,65,170
amy.ov_6JM6Sceg.01.txt,Negative,Neutral,27,203,66
amy.9TwHGr4BCkE.13.txt,Neutral,Positive,51,54,83
andrew.50aDxO2uscs.31.txt,Negative,Positive,99,126,49
julian.v2HoOdUpigw.00.txt,Positive,Neutral,199,16,36
beto.lMVhL6OOuR0.04.txt,Neutral,Neutral,34,131,135
elizabeth.3_Zu30C92CY.04.txt,Neutral,Negative,41,107,152
kamala.a0Kf9YIXSVk.14.txt,Neutral,Negative,15,50,180
bernie.NZ_WulgST3U.04.txt,Neutral,Neutral,9,19,266
bernie.jNHOwtt2OoE.04.txt,Neutral,Neutral,51,17,232
pete.u5NzxlSSl-4.05.txt,Neutral,Neutral,2,7,291
beto.lMZ1EjVyAAE.03.txt,Neutral,Neutral,0,86,214
cory.bvSfBCCJPfg.09.txt,Negative,Negative,65,127,108
pete.L-_IBA1UA3k.01.txt,Neutral,Positive,82,23,117
julian.QtsE34OY0mw.20.txt,Neutral,Neutral,20,53,224
kamala.a0Kf9YIXSVk.09.txt,Neutral,Negative,42,58,195
cory.5PtJqHHB-vY.01.txt,Neutral,Negative,103,48,149
cory.iCdmEsRWkx8.02.txt,Negative,Positive,51,142,98
cory.iCdmEsRWkx8.03.txt,Negative,Positive,71,143,86
cory.jaXt8gMKctk.04.txt,Neutral,Neutral,48,42,150
donald.QqVYRTHJ8Rw.07.txt,Positive,Positive,123,65,112
andrew.Ln6NhfUZPqQ.03.txt,Neutral,Positive,88,41,163
andrew.50aDxO2uscs.23.txt,Neutral,Neutral,68,84,146
julian.NZmuLVQB2x4.00.txt,Neutral,Positive,0,0,251
joe.0MBydpVL4-k.07.txt,Negative,Positive,3,186,84
donald.MyJ21nxo_QQ.23.txt,Negative,Neutral,5,193,71
andrew.crU72vuhWTk.00.txt,Positive,Neutral,230,6,64
cory.5k8wnrVOnik.19.txt,Positive,Positive,107,107,86
julian.Xg6M6smFXBo.10.txt,Neutral,Neutral,35,27,238
beto.dzbPwgKsHbY.24.txt,Neutral,Neutral,22,20,252
donald.FEpwkaJQh1k.01.txt,Negative,Neutral,3,149,148
cory.jaXt8gMKctk.05.txt,Neutral,Neutral,82,5,153
beto.E5HybqvdaI0.04.txt,Neutral,Neutral,27,121,152
elizabeth.9-DJBZ1I4Vw.05.txt,Positive,Positive,129,60,93
elizabeth.ImxvlDSo_ls.00.txt,Negative,Negative,30,195,75
amy.9TwHGr4BCkE.14.txt,Neutral,Positive,78,34,79
julian.YhQNm51njZo.00.txt,Neutral,Neutral,11,42,198
julian.UlqLOzIUW_U.12.txt,Negative,Negative,67,168,65
amy.DpmOY2m27jY.08.txt,Neutral,Positive,131,26,137
beto.1ZG6pku_pWY.20.txt,Neutral,Positive,11,126,163
joe.9rk1CKs548o.01.txt,Negative,Neutral,48,163,90
beto.dzbPwgKsHbY.23.txt,Positive,Neutral,106,30,61
beto.E5HybqvdaI0.03.txt,Neutral,Neutral,40,99,161
kamala.GRGtnw3Ie14.00.txt,Negative,Positive,19,134,97
kamala.2i-gy7dyHz0.02.txt,Neutral,Negative,78,84,138
julian.Xg6M6smFXBo.19.txt,Neutral,Negative,11,114,175
pete.u5NzxlSSl-4.35.txt,Neutral,Neutral,12,11,277
elizabeth.9-DJBZ1I4Vw.13.txt,Neutral,Neutral,82,19,199
kamala.VKBs2GQNlGw.11.txt,Neutral,Neutral,30,36,234
amy.HGvqJI2MC6U.24.txt,Negative,Positive,3,217,80
pete.u5NzxlSSl-4.30.txt,Neutral,Neutral,33,1,266
joe.SFAHcLh5Dl0.25.txt,Neutral,Neutral,0,77,223
andrew.0k9pOXSfy0E.16.txt,Neutral,Neutral,196,61,343
bernie.q9W6lkIz8jU.05.txt,Positive,Neutral,152,80,68
bernie.bmsbpmI1Ty4.08.txt,Negative,Neutral,34,222,44
bernie.bmsbpmI1Ty4.17.txt,Negative,Negative,12,236,52
elizabeth.h4WIQJtJL6A.14.txt,Neutral,Neutral,16,108,116
amy.HGvqJI2MC6U.16.txt,Negative,Positive,37,148,115
andrew._x7aSxdmZ4E.00.txt,Neutral,Neutral,0,72,178
bernie.RPZVxKBLHiw.08.txt,Neutral,Positive,9,20,271
bernie.d58HnPWJGCw.01.txt,Negative,Negative,33,177,91
beto.vwu_srxJOWg.01.txt,Neutral,Neutral,4,33,263
donald.O9__G3I0Mc0.12.txt,Negative,Neutral,0,251,49
julian.ceYazOAJE28.10.txt,Neutral,Neutral,2,24,274
joe.DVv3KGe6sBE.02.txt,Negative,Neutral,7,211,82
kamala.a0Kf9YIXSVk.07.txt,Neutral,Positive,84,79,110
julian.QtsE34OY0mw.04.txt,Neutral,Neutral,51,3,246
cory.c6aVnXmrlyc.02.txt,Neutral,Positive,61,42,197
cory.Mu717xfFPVI.03.txt,Neutral,Negative,93,78,129
joe.SFAHcLh5Dl0.24.txt,Neutral,Neutral,0,58,242
cory.5k8wnrVOnik.12.txt,Negative,Positive,76,116,108
pete.xBokmGo4vrg.11.txt,Neutral,Positive,0,0,300
elizabeth.2YBSzFmtK_s.02.txt,Neutral,Neutral,88,79,133
amy.HGvqJI2MC6U.03.txt,Positive,Positive,197,84,19
cory.tRXvQ3PQDiY.03.txt,Positive,Positive,136,48,111
kamala.VKBs2GQNlGw.17.txt,Neutral,Negative,12,61,223
beto.dzbPwgKsHbY.40.txt,Positive,Neutral,113,16,101
amy.HGvqJI2MC6U.05.txt,Positive,Neutral,134,74,92
bernie.bmsbpmI1Ty4.11.txt,Negative,Negative,8,203,87
cory.5k8wnrVOnik.21.txt,Negative,Positive,50,187,63
kamala.VKBs2GQNlGw.16.txt,Neutral,Neutral,104,21,175
andrew.50aDxO2uscs.20.txt,Neutral,Neutral,28,109,163
joe.2UWVO0Trd1c.02.txt,Neutral,Negative,45,31,224
cory.-QYyNjaEyEc.00.txt,Negative,Positive,61,236,3
pete.u5NzxlSSl-4.12.txt,Neutral,Neutral,14,29,257
andrew.cJrKz9V5Ltg.02.txt,Neutral,Neutral,14,46,240
elizabeth.wrbtH3y52mU.04.txt,Neutral,Negative,8,90,202
bernie.jNHOwtt2OoE.03.txt,Neutral,Neutral,103,2,195
kamala.a0Kf9YIXSVk.16.txt,Neutral,Neutral,21,64,142
julian.UlqLOzIUW_U.16.txt,Negative,Neutral,55,125,120
kamala.YsAQfqU7Y2U.04.txt,Positive,Neutral,112,36,100
julian.ceYazOAJE28.02.txt,Neutral,Positive,36,16,248
beto.dzbPwgKsHbY.27.txt,Neutral,Neutral,54,36,145
joe.oM10W_hLaS8.04.txt,Negative,Neutral,10,228,50
julian.3KzmsMOoP6Y.03.txt,Positive,Positive,148,42,59
amy.MccjYt4GcnA.00.v.txt,Positive,Neutral,154,1,83
joe.Ja7e3tUwdJA.19.txt,Neutral,Negative,17,44,59
elizabeth.h4WIQJtJL6A.06.txt,Negative,Neutral,34,111,95
kamala.01NsSWa4BLU.06.txt,Neutral,Positive,83,62,125
beto.MdoaVn7gtEI.02.txt,Neutral,Neutral,30,123,147
andrew.0k9pOXSfy0E.20.txt,Neutral,Positive,140,123,223
cory.bvSfBCCJPfg.11.txt,Neutral,Neutral,41,94,165
donald.MyJ21nxo_QQ.15.txt,Negative,Neutral,4,166,82
beto.dzbPwgKsHbY.20.txt,Neutral,Neutral,89,14,97
donald.O9__G3I0Mc0.02.txt,Negative,Negative,9,252,39
amy.HGvqJI2MC6U.01.txt,Positive,Positive,128,113,59
elizabeth.UG220dcifxg.01.txt,Negative,Positive,15,220,64
cory.bvSfBCCJPfg.13.txt,Neutral,Neutral,39,96,165
kamala.AgVLVRmGVXE.00.txt,Neutral,Positive,62,76,110
pete.u5NzxlSSl-4.29.txt,Neutral,Neutral,45,5,250
cory.Mu717xfFPVI.05.txt,Neutral,Negative,66,97,137
joe.oM10W_hLaS8.21.txt,Negative,Positive,0,211,88
andrew.0k9pOXSfy0E.33.txt,Neutral,Positive,94,140,366
julian.ceYazOAJE28.00.txt,Neutral,Neutral,27,1,272
julian.ceYazOAJE28.16.txt,Neutral,Neutral,15,22,263
kamala.a0Kf9YIXSVk.17.txt,Neutral,Neutral,116,56,128
joe.Ja7e3tUwdJA.09.txt,Neutral,Positive,45,10,65
andrew.vnpWKgRX1Mc.00.txt,Neutral,Negative,62,26,162
bernie.NZ_WulgST3U.05.txt,Neutral,Neutral,8,4,287
beto.dzbPwgKsHbY.19.txt,Neutral,Neutral,50,21,150
bernie.NZ_WulgST3U.10.txt,Neutral,Neutral,12,29,235
beto.dzbPwgKsHbY.26.txt,Neutral,Neutral,72,17,131
andrew.50aDxO2uscs.37.txt,Neutral,Neutral,12,81,207
donald.h7q5PSYH4Xk.16.txt,Neutral,Negative,6,64,197
julian.PjfV5Blj3vY.00.txt,Neutral,Neutral,7,27,216
amy.Sm_NnVrD88M.03.txt,Neutral,Positive,10,7,283
andrew.0k9pOXSfy0E.08.txt,Neutral,Neutral,50,107,388
kamala.VKBs2GQNlGw.00.txt,Positive,Positive,287,2,11
beto.yi3qMl8QwWw.02.txt,Neutral,Neutral,37,42,171
bernie.7VqoVR08T_4.00.txt,Negative,Negative,3,273,24
donald.DIf_vjjmupA.00.txt,Neutral,Negative,2,43,58
kamala.XiorcQd7tzQ.05.txt,Neutral,Neutral,116,9,175
andrew.50aDxO2uscs.14.txt,Neutral,Neutral,15,112,173
donald.QqVYRTHJ8Rw.02.txt,Negative,Positive,67,120,113
beto.4o1y_dbkriw.03.txt,Neutral,Neutral,34,48,203
donald.h7q5PSYH4Xk.02.txt,Negative,Negative,0,181,90
julian.UlqLOzIUW_U.09.txt,Positive,Neutral,168,112,20
bernie.RPZVxKBLHiw.14.txt,Neutral,Negative,3,3,294
bernie.jNHOwtt2OoE.07.txt,Neutral,Neutral,11,36,253
julian.UQ8coqfQYm0.00.txt,Neutral,Positive,65,73,113
bernie.jNHOwtt2OoE.06.txt,Neutral,Neutral,14,13,273
kamala.VKBs2GQNlGw.13.txt,Neutral,Negative,1,27,271
beto.1ZG6pku_pWY.18.txt,Neutral,Positive,32,116,152
joe.SFAHcLh5Dl0.15.txt,Neutral,Negative,2,38,259
andrew.Ln6NhfUZPqQ.02.txt,Positive,Positive,132,76,92
joe.E9fImaySFgU.00.txt,Negative,Neutral,22,109,94
kamala.wZTL727W8Vw.01.txt,Neutral,Neutral,48,15,218
donald.MyJ21nxo_QQ.18.txt,Neutral,Neutral,5,117,150
donald.QqVYRTHJ8Rw.03.txt,Neutral,Neutral,84,81,135
amy.yBJ9NAOUG1c.00.v.txt,Neutral,Positive,20,24,208
pete.zFDTkD3A7vU.04.txt,Neutral,Neutral,59,42,199
amy.m2E6HWZQ8nM.07.txt,Neutral,Positive,104,22,174
joe.Gm2RFvTZOiA.01.txt,Neutral,Neutral,48,21,181
bernie.LHzoeuSrJ8Y.00.txt,Negative,Negative,68,185,47
kamala.a0Kf9YIXSVk.10.txt,Neutral,Negative,37,38,202
julian.QtsE34OY0mw.09.txt,Neutral,Neutral,10,4,286
bernie.bmsbpmI1Ty4.00.txt,Negative,Neutral,15,153,132
beto.lMZ1EjVyAAE.02.txt,Neutral,Neutral,10,124,166
beto.-fQyfFNSVZg.04.txt,Neutral,Neutral,60,109,131
donald.MyJ21nxo_QQ.08.txt,Neutral,Negative,2,93,97
elizabeth.3_Zu30C92CY.02.txt,Negative,Negative,30,146,124
elizabeth.9-DJBZ1I4Vw.11.txt,Neutral,Neutral,116,59,125
donald.MyJ21nxo_QQ.20.txt,Neutral,Negative,7,105,107
andrew.0k9pOXSfy0E.13.txt,Neutral,Neutral,131,94,375
pete.u5NzxlSSl-4.16.txt,Neutral,Neutral,27,54,219
andrew.50aDxO2uscs.27.txt,Neutral,Neutral,32,104,164
kamala.Yf5L9khuWjU.00.txt,Neutral,Positive,54,20,176
julian.QtsE34OY0mw.23.txt,Neutral,Neutral,9,58,233
kamala.wZTL727W8Vw.02.txt,Neutral,Negative,26,34,166
kamala.aTO3DQ-MxIQ.15.txt,Neutral,Positive,111,20,160
beto.vwu_srxJOWg.04.txt,Neutral,Neutral,25,30,245
cory.Mu717xfFPVI.01.txt,Negative,Negative,23,188,89
kamala.2i-gy7dyHz0.00.txt,Neutral,Neutral,99,39,151
joe.SFAHcLh5Dl0.03.txt,Neutral,Negative,0,42,240
cory.Mu717xfFPVI.00.txt,Neutral,Negative,15,54,231
pete.u5NzxlSSl-4.32.txt,Neutral,Neutral,0,5,294
cory.usrMK84gxVQ.02.txt,Positive,Negative,128,66,106
pete.xBokmGo4vrg.16.txt,Neutral,Neutral,19,9,272
andrew.cJrKz9V5Ltg.03.txt,Neutral,Neutral,132,11,157
amy.Wo2HTDy3l_Q.00.v.txt,Neutral,Positive,113,8,129
beto.-fQyfFNSVZg.16.txt,Neutral,Negative,67,67,166
joe.SFAHcLh5Dl0.12.txt,Neutral,Negative,6,110,124
pete.L-_IBA1UA3k.02.txt,Neutral,Positive,56,25,137
beto.DXIklJWTn6Y.05.txt,Neutral,Positive,77,28,195
andrew.2sUNZbNxQSc.00.txt,Neutral,Positive,60,1,189
beto.lMVhL6OOuR0.07.txt,Neutral,Neutral,49,117,134
bernie.AYbXDV1S6Zk.00.txt,Negative,Neutral,0,263,37
joe.oM10W_hLaS8.02.txt,Negative,Neutral,3,177,106
cory.5k8wnrVOnik.23.txt,Neutral,Neutral,53,8,239
amy.fa3i2imvs7k.00.v.txt,Positive,Positive,106,67,71
cory.aAgmc8ixaB8.01.txt,Neutral,Positive,67,56,174
cory.dMjPUUOPjz4.01.txt,Positive,Positive,149,51,101
bernie.DE5He8qo_so.01.txt,Neutral,Negative,62,1,239
beto.dmKecHbkCQk.02.txt,Neutral,Negative,19,34,247
cory.FJJkA7xSBBE.00.txt,Positive,Positive,160,14,123
julian.477uCCKSg3Q.00.txt,Neutral,Neutral,34,26,190
andrew.HjgqqsbJ8Ms.00.txt,Negative,Positive,9,138,103
elizabeth.wrbtH3y52mU.03.txt,Neutral,Negative,46,93,161
elizabeth.9-DJBZ1I4Vw.20.txt,Positive,Positive,248,20,28
cory.dQlA_CPBfnY.00.txt,Positive,Neutral,132,35,129
cory.5k8wnrVOnik.24.txt,Neutral,Neutral,112,11,177
cory.Mu717xfFPVI.04.txt,Neutral,Negative,21,77,202
andrew.0k9pOXSfy0E.12.txt,Neutral,Neutral,25,6,569
julian.ceYazOAJE28.08.txt,Neutral,Neutral,7,1,292
beto.MdoaVn7gtEI.00.txt,Neutral,Neutral,27,111,160
cory.jaXt8gMKctk.02.txt,Positive,Positive,177,13,50
beto.MdoaVn7gtEI.01.txt,Neutral,Neutral,53,113,134
donald.MyJ21nxo_QQ.25.txt,Negative,Neutral,9,177,107
elizabeth.go_ELOsVPWg.00.txt,Positive,Negative,112,104,85
kamala.aTO3DQ-MxIQ.00.txt,Neutral,Negative,28,51,177
kamala.6FMXI0DmDik.00.txt,Positive,Positive,217,5,28
donald.3bEqkOTJ9eA.21.txt,Negative,Neutral,9,149,92
donald.h7q5PSYH4Xk.15.txt,Neutral,Negative,2,44,179
andrew.0k9pOXSfy0E.11.txt,Neutral,Neutral,11,16,573
donald.3bEqkOTJ9eA.13.txt,Neutral,Negative,1,7,242
bernie.CdjNtrJexmU.00.txt,Neutral,Negative,59,71,119
amy.ov_6JM6Sceg.00.txt,Negative,Positive,44,135,121
pete.u5NzxlSSl-4.27.txt,Neutral,Neutral,23,36,241
bernie.RPZVxKBLHiw.15.txt,Neutral,Negative,45,28,227
kamala.2i-gy7dyHz0.04.txt,Neutral,Positive,123,30,140
joe.Ja7e3tUwdJA.16.txt,Neutral,Neutral,7,5,108
kamala.uzAdNs8oXZo.01.txt,Neutral,Neutral,19,25,146
amy.IIrv5o2i_Hs.03.txt,Positive,Positive,199,20,81
pete.z85rKK-HoRI.05.txt,Neutral,Positive,90,0,208
bernie.q8urUcjXsTA.02.txt,Neutral,Positive,62,110,112
amy.HGvqJI2MC6U.00.txt,Negative,Positive,129,147,24
amy.DpmOY2m27jY.07.txt,Neutral,Positive,124,39,137
andrew.DPbXKhScDEI.08.txt,Positive,Neutral,191,29,80
joe.SFAHcLh5Dl0.20.txt,Neutral,Neutral,0,19,255
kamala.aTO3DQ-MxIQ.06.txt,Neutral,Negative,101,18,142
joe.TLlewQ1CiM0.01.txt,Neutral,Negative,11,86,203
cory.1L57pOuUCKQ.02.txt,Positive,Positive,105,22,66
beto.QPYEIBtW-0w.00.txt,Neutral,Neutral,48,71,181
julian.ceYazOAJE28.22.txt,Neutral,Neutral,20,5,275
andrew.0k9pOXSfy0E.06.txt,Neutral,Positive,140,9,450
donald.h7q5PSYH4Xk.12.txt,Neutral,Neutral,22,99,116
amy.HGvqJI2MC6U.02.txt,Positive,Positive,193,9,98
joe.oM10W_hLaS8.07.txt,Neutral,Neutral,3,79,119
donald.MyJ21nxo_QQ.13.txt,Neutral,Negative,13,101,106
elizabeth.h4WIQJtJL6A.15.txt,Neutral,Neutral,65,42,133
julian.QtsE34OY0mw.00.txt,Neutral,Neutral,2,22,252
julian.QtsE34OY0mw.06.txt,Neutral,Neutral,1,8,291
beto.ReO55QnFy4M.00.txt,Neutral,Neutral,23,42,235
amy.IIrv5o2i_Hs.10.txt,Positive,Positive,222,5,73
andrew.crU72vuhWTk.02.txt,Positive,Neutral,221,1,78
beto.dzbPwgKsHbY.18.txt,Neutral,Neutral,38,19,110
donald.O9__G3I0Mc0.04.txt,Neutral,Neutral,5,118,167
donald.aEzmj9yZw2w.02.txt,Neutral,Neutral,46,8,159
andrew.50aDxO2uscs.17.txt,Neutral,Neutral,41,50,207
cory.bvSfBCCJPfg.20.txt,Neutral,Neutral,99,12,189
amy.9TwHGr4BCkE.08.txt,Neutral,Negative,59,5,84
pete.iJBGlThAQY4.02.txt,Neutral,Neutral,72,32,196
kamala.VKBs2GQNlGw.07.txt,Positive,Positive,171,56,60
beto.1ZG6pku_pWY.24.txt,Negative,Positive,25,140,132
joe.Gm2RFvTZOiA.02.txt,Neutral,Neutral,9,54,186
beto.dmKecHbkCQk.01.txt,Neutral,Neutral,85,12,181
pete.u5NzxlSSl-4.34.txt,Neutral,Neutral,55,11,234
donald.QqVYRTHJ8Rw.05.txt,Neutral,Neutral,32,118,150
elizabeth.DAWD1M_EpO8.00.txt,Neutral,Negative,23,49,228
pete.u5NzxlSSl-4.23.txt,Neutral,Neutral,3,4,293
joe.oM10W_hLaS8.11.txt,Neutral,Neutral,3,111,157
elizabeth.kLOmBE6cQB4.00.txt,Positive,Positive,192,68,31
beto.1ZG6pku_pWY.17.txt,Neutral,Positive,55,24,221
elizabeth.9-DJBZ1I4Vw.06.txt,Positive,Positive,204,47,49
joe.DVv3KGe6sBE.00.txt,Neutral,Neutral,14,16,270
elizabeth.h4WIQJtJL6A.03.txt,Neutral,Neutral,38,71,131
cory.5k8wnrVOnik.04.txt,Negative,Neutral,1,12,11
julian.ceYazOAJE28.13.txt,Neutral,Neutral,31,15,254
beto.dzbPwgKsHbY.31.txt,Positive,Negative,106,33,101
cory.c6aVnXmrlyc.04.txt,Neutral,Positive,113,32,155
elizabeth.9DUNIRi4QVI.00.txt,Negative,Neutral,50,196,55
beto.-fQyfFNSVZg.17.txt,Neutral,Neutral,68,41,191
bernie.q9W6lkIz8jU.04.txt,Neutral,Neutral,39,119,135
beto.1ZG6pku_pWY.22.txt,Neutral,Neutral,12,51,237
donald.3bEqkOTJ9eA.11.txt,Neutral,Negative,0,0,250
donald.MyJ21nxo_QQ.09.txt,Negative,Negative,1,147,112
beto.1ZG6pku_pWY.21.txt,Neutral,Neutral,34,23,243
donald.h7q5PSYH4Xk.14.txt,Neutral,Negative,1,17,239
kamala.aTO3DQ-MxIQ.19.txt,Positive,Positive,131,80,66
pete.xBokmGo4vrg.02.txt,Neutral,Neutral,4,26,270
cory.5k8wnrVOnik.20.txt,Neutral,Neutral,91,21,188
andrew.0k9pOXSfy0E.24.txt,Neutral,Neutral,0,76,524
beto.dmKecHbkCQk.05.txt,Neutral,Negative,34,5,256
kamala.2i-gy7dyHz0.03.txt,Neutral,Negative,37,62,194
donald.MyJ21nxo_QQ.14.txt,Negative,Neutral,0,149,138
amy.HGvqJI2MC6U.18.txt,Positive,Neutral,207,16,77
joe.Ja7e3tUwdJA.08.txt,Neutral,Positive,21,5,94
cory.c6aVnXmrlyc.06.txt,Neutral,Positive,107,12,181
cory.1L57pOuUCKQ.01.txt,Neutral,Negative,62,75,115
pete.iJBGlThAQY4.06.txt,Neutral,Neutral,44,40,216
beto.esizfD25YKU.01.txt,Neutral,Neutral,75,32,193
beto.MdoaVn7gtEI.04.txt,Neutral,Neutral,31,101,165
julian.QtsE34OY0mw.05.txt,Neutral,Negative,37,30,233
cory.XmZkY-MCXSI.02.txt,Positive,Negative,139,42,120
donald.QqVYRTHJ8Rw.06.txt,Neutral,Positive,96,88,116
pete.u5NzxlSSl-4.01.txt,Neutral,Neutral,65,19,216
pete.xBokmGo4vrg.09.txt,Neutral,Positive,41,107,152
donald.3bEqkOTJ9eA.18.txt,Negative,Negative,2,141,107
cory.-QYyNjaEyEc.02.txt,Neutral,Positive,105,32,153
donald.h7q5PSYH4Xk.13.txt,Neutral,Neutral,0,66,182
andrew.P6T4c7B22r0.00.txt,Neutral,Neutral,30,14,237
cory.5k8wnrVOnik.17.txt,Neutral,Neutral,102,90,104
kamala.01NsSWa4BLU.02.txt,Neutral,Positive,144,3,153
donald.vy1BnqbTWGw.00.txt,Negative,Neutral,13,143,117
bernie.bmsbpmI1Ty4.04.txt,Negative,Negative,1,249,44
amy.oa7Dr6ZoDl0.00.v.txt,Neutral,Neutral,50,6,196
julian.ceYazOAJE28.18.txt,Positive,Neutral,173,30,97
amy.DpmOY2m27jY.02.txt,Positive,Positive,114,21,112
andrew.cTsEzmFamZ8.02.txt,Neutral,Positive,76,0,174
elizabeth.DAWD1M_EpO8.02.txt,Negative,Negative,76,113,111
amy.rx85Mp_iZhk.01.v.txt,Neutral,Negative,110,31,111
bernie.0N9_4jx3ZvM.00.txt,Neutral,Negative,3,132,165
pete.P_Wp6aN02Tg.00.txt,Neutral,Neutral,76,0,224
kamala.2i-gy7dyHz0.06.txt,Neutral,Positive,56,110,134
donald.3mRDW3X4k9k.00.txt,Neutral,Negative,14,0,156
cory.1L57pOuUCKQ.00.txt,Positive,Positive,152,42,32
donald.MyJ21nxo_QQ.19.txt,Neutral,Neutral,2,131,165
julian.6yshOTXby04.02.txt,Neutral,Neutral,67,37,147
donald.MyJ21nxo_QQ.24.txt,Negative,Negative,28,115,111
elizabeth.h4WIQJtJL6A.11.txt,Neutral,Neutral,52,12,176
bernie.xqxREep-3Nc.02.txt,Neutral,Neutral,16,25,67
amy.HGvqJI2MC6U.08.txt,Positive,Neutral,146,99,55
bernie.jNHOwtt2OoE.13.txt,Neutral,Negative,9,12,279
pete.BVWdUT-4PMw.03.txt,Neutral,Positive,44,114,142
andrew.50aDxO2uscs.19.txt,Neutral,Neutral,22,22,232
kamala.6FMXI0DmDik.01.txt,Positive,Positive,182,3,66
andrew.Ln6NhfUZPqQ.00.txt,Neutral,Positive,16,0,273
pete.u5NzxlSSl-4.24.txt,Neutral,Neutral,17,0,283
julian.QtsE34OY0mw.02.txt,Neutral,Neutral,1,11,262
cory.5k8wnrVOnik.07.txt,Negative,Neutral,2,14,9
amy.jPAZGixSU8U.00.v.txt,Neutral,Neutral,29,52,170
cory.5PtJqHHB-vY.00.txt,Neutral,Positive,72,45,181
elizabeth.2YBSzFmtK_s.07.txt,Positive,Negative,175,32,83
pete.u5NzxlSSl-4.15.txt,Neutral,Neutral,12,5,283
donald.xa7MY2_pmxU.02.txt,Negative,Neutral,81,111,108
kamala.01NsSWa4BLU.03.txt,Neutral,Neutral,59,14,227
julian.ceYazOAJE28.05.txt,Neutral,Neutral,15,1,282
joe.Ja7e3tUwdJA.14.txt,Neutral,Negative,24,4,92
elizabeth.jfRUrV2z6nM.00.txt,Negative,Negative,85,132,84
kamala.-Sx_89JAvss.01.txt,Neutral,Negative,0,29,271
andrew.50aDxO2uscs.29.txt,Neutral,Positive,91,75,132
kamala.nrc0-K3U0MQ.03.txt,Neutral,Negative,21,42,187
elizabeth.wrbtH3y52mU.01.txt,Neutral,Negative,35,63,202
donald.MyJ21nxo_QQ.16.txt,Neutral,Negative,10,45,192
joe.HWTs_uSFkco.00.txt,Neutral,Positive,10,20,159
pete.9JuDyoLsdpg.02.txt,Positive,Neutral,145,0,5
elizabeth.2YBSzFmtK_s.01.txt,Positive,Negative,210,21,69
joe.E9fImaySFgU.02.txt,Neutral,Positive,28,2,211
cory.mfkRcqbnZuc.01.txt,Neutral,Negative,48,55,198
julian.UlqLOzIUW_U.11.txt,Neutral,Neutral,75,102,123
andrew.iqiZCFkVoRU.00.txt,Neutral,Neutral,24,13,213
beto.H3ZQ62v165I.01.txt,Positive,Neutral,118,6,83
kamala.XiorcQd7tzQ.09.txt,Positive,Positive,157,3,140
beto.-fQyfFNSVZg.09.txt,Neutral,Negative,59,59,182
donald.MyJ21nxo_QQ.22.txt,Neutral,Neutral,16,83,176
donald.FEpwkaJQh1k.02.txt,Neutral,Neutral,0,97,202
bernie.q9W6lkIz8jU.06.txt,Positive,Negative,127,76,97
donald.DIf_vjjmupA.06.txt,Neutral,Negative,1,12,116
beto.lMVhL6OOuR0.05.txt,Neutral,Negative,39,96,165
julian.PjfV5Blj3vY.01.txt,Neutral,Negative,3,20,227
elizabeth.9-DJBZ1I4Vw.24.txt,Positive,Neutral,205,47,48
julian.6yshOTXby04.01.txt,Neutral,Neutral,51,82,118
andrew.0k9pOXSfy0E.17.txt,Neutral,Positive,152,38,410
julian.ceYazOAJE28.04.txt,Neutral,Neutral,14,2,282
julian.3KzmsMOoP6Y.02.txt,Negative,Positive,76,100,74
cory.PwqAXyOQ-9I.00.txt,Neutral,Neutral,102,31,168
amy.DpmOY2m27jY.00.txt,Neutral,Neutral,73,52,175
kamala.aTO3DQ-MxIQ.10.txt,Neutral,Positive,19,12,72
andrew.crU72vuhWTk.05.txt,Positive,Positive,284,4,12
amy.m2E6HWZQ8nM.00.txt,Positive,Positive,179,16,105
cory.usrMK84gxVQ.00.txt,Neutral,Positive,123,13,164
andrew.50aDxO2uscs.18.txt,Neutral,Negative,29,41,230
beto.dzbPwgKsHbY.04.txt,Neutral,Neutral,75,13,95
amy.9TwHGr4BCkE.16.txt,Positive,Positive,98,0,90
pete.BVWdUT-4PMw.02.txt,Negative,Positive,106,111,63
joe.Hh__w1FA548.00.txt,Positive,Positive,131,22,95
amy.IIrv5o2i_Hs.08.txt,Positive,Positive,221,5,74
donald.DIf_vjjmupA.04.txt,Neutral,Negative,0,19,35
kamala.01NsSWa4BLU.04.txt,Neutral,Positive,96,4,197
andrew.50aDxO2uscs.15.txt,Neutral,Neutral,36,31,233
pete.z85rKK-HoRI.13.txt,Neutral,Positive,60,3,237
donald.MyJ21nxo_QQ.10.txt,Negative,Neutral,0,133,114
amy.dQlA_CPBfnY.00.v.txt,Neutral,Neutral,24,42,159
bernie.bmsbpmI1Ty4.02.txt,Neutral,Negative,33,72,193
bernie.jNHOwtt2OoE.02.txt,Neutral,Neutral,59,19,222
elizabeth.psHtEQD1scU.02.txt,Positive,Positive,177,57,64
joe.SFAHcLh5Dl0.07.txt,Neutral,Negative,0,23,259
beto.dzbPwgKsHbY.35.txt,Neutral,Positive,57,30,130
donald.3bEqkOTJ9eA.20.txt,Neutral,Neutral,2,7,241
julian.Xg6M6smFXBo.16.txt,Neutral,Neutral,66,21,207
joe.7CQm0D6o9jg.01.txt,Negative,Positive,28,133,73
beto.H3ZQ62v165I.00.txt,Positive,Positive,162,0,58
beto.dmKecHbkCQk.06.txt,Neutral,Neutral,119,12,169
julian.UlqLOzIUW_U.00.txt,Negative,Negative,80,142,78
elizabeth.ioufILxIU0w.01.txt,Neutral,Negative,6,16,278
joe.oM10W_hLaS8.08.txt,Neutral,Negative,1,33,167
kamala.YsAQfqU7Y2U.06.txt,Neutral,Negative,15,41,195
amy.m2E6HWZQ8nM.04.txt,Neutral,Positive,124,24,124
pete.u5NzxlSSl-4.13.txt,Neutral,Neutral,3,1,296
kamala.nrc0-K3U0MQ.00.txt,Neutral,Positive,92,12,146
kamala.VKBs2GQNlGw.02.txt,Positive,Positive,236,18,23
donald.O9__G3I0Mc0.09.txt,Negative,Negative,0,211,75
beto.E5HybqvdaI0.02.txt,Neutral,Neutral,30,92,178
elizabeth.GQ6JnsTEUXw.00.txt,Neutral,Negative,128,31,141
pete.z85rKK-HoRI.01.txt,Neutral,Neutral,69,4,227
kamala.a0Kf9YIXSVk.13.txt,Negative,Negative,31,122,117
joe.0MBydpVL4-k.13.txt,Neutral,Neutral,12,108,122
julian.UlqLOzIUW_U.20.txt,Negative,Negative,45,176,79
bernie.NZ_WulgST3U.06.txt,Neutral,Neutral,9,21,257
donald.h7q5PSYH4Xk.10.txt,Neutral,Negative,3,65,143
amy.4xD6Ec4g5N0.00.v.txt,Positive,Positive,141,45,64
cory.bvSfBCCJPfg.04.txt,Neutral,Negative,0,66,234
pete.xBokmGo4vrg.14.txt,Neutral,Positive,21,34,245
bernie.vw5E6F2_Xng.02.txt,Negative,Negative,58,143,78
elizabeth.4FnMuKUYWOE.00.txt,Positive,Positive,215,41,35
cory.dMjPUUOPjz4.00.txt,Positive,Positive,142,36,122
amy.Z3nQ8ld64YE.00.v.txt,Positive,Positive,136,35,79
kamala.a0Kf9YIXSVk.19.txt,Neutral,Negative,43,66,191
joe.oM10W_hLaS8.17.txt,Negative,Neutral,0,136,97
kamala.VKBs2GQNlGw.14.txt,Neutral,Neutral,6,78,216
beto.vwu_srxJOWg.03.txt,Neutral,Positive,11,15,273
elizabeth.h4WIQJtJL6A.20.txt,Neutral,Neutral,73,36,131
cory.5k8wnrVOnik.02.txt,Neutral,Neutral,21,16,83
elizabeth.Bx0Jr9yOSu4.00.txt,Positive,Neutral,122,110,69
pete.u5NzxlSSl-4.02.txt,Neutral,Positive,12,6,282
pete.u5NzxlSSl-4.18.txt,Neutral,Neutral,60,5,235
bernie.jNHOwtt2OoE.19.txt,Neutral,Neutral,4,7,289
kamala.aTO3DQ-MxIQ.13.txt,Positive,Positive,152,11,81
amy.HGvqJI2MC6U.20.txt,Positive,Neutral,235,12,53
elizabeth.9-DJBZ1I4Vw.12.txt,Positive,Negative,168,67,65
cory.Mu717xfFPVI.06.txt,Neutral,Negative,2,101,197
bernie.DE5He8qo_so.00.txt,Positive,Neutral,198,3,99
bernie.bmsbpmI1Ty4.03.txt,Negative,Neutral,9,180,108
julian.6yshOTXby04.00.txt,Neutral,Neutral,25,1,225
amy.HGvqJI2MC6U.22.txt,Positive,Neutral,173,71,54
donald.3mRDW3X4k9k.03.txt,Neutral,Neutral,35,19,246
joe.9oPGIG9Q2v8.00.txt,Negative,Positive,1,88,31
donald.h7q5PSYH4Xk.09.txt,Neutral,Negative,0,65,146
pete.0_NpcT-wzE8.02.txt,Neutral,Neutral,25,68,147
donald.xEYnAL3q0Tc.00.txt,Neutral,Negative,53,98,139
bernie.jNHOwtt2OoE.17.txt,Neutral,Neutral,4,9,287
joe.SFAHcLh5Dl0.09.txt,Neutral,Negative,2,8,208
beto.4o1y_dbkriw.01.txt,Neutral,Positive,17,87,148
elizabeth.9-DJBZ1I4Vw.18.txt,Positive,Neutral,139,56,105
beto.dzbPwgKsHbY.22.txt,Neutral,Positive,16,40,153
elizabeth.wrbtH3y52mU.00.txt,Neutral,Neutral,67,79,154
kamala.HU4OMUzZvYc.01.txt,Neutral,Positive,55,6,189
elizabeth.2YBSzFmtK_s.09.txt,Positive,Negative,131,77,92
joe.SFAHcLh5Dl0.17.txt,Neutral,Negative,0,67,231
elizabeth.9-DJBZ1I4Vw.26.txt,Positive,Neutral,113,76,105
julian.ceYazOAJE28.03.txt,Neutral,Neutral,6,1,292
cory.bvSfBCCJPfg.08.txt,Neutral,Neutral,57,89,154
beto.DXIklJWTn6Y.00.txt,Neutral,Neutral,66,6,228
bernie.RPZVxKBLHiw.05.txt,Neutral,Neutral,38,9,253
bernie.NZ_WulgST3U.17.txt,Neutral,Neutral,66,7,134
bernie.NZ_WulgST3U.02.txt,Neutral,Neutral,24,11,252
bernie.bmsbpmI1Ty4.21.txt,Negative,Neutral,44,127,116
donald.3bEqkOTJ9eA.17.txt,Neutral,Negative,1,108,141
andrew.50aDxO2uscs.28.txt,Neutral,Neutral,64,50,176
donald.h7q5PSYH4Xk.06.txt,Neutral,Neutral,3,71,167
julian.ceYazOAJE28.20.txt,Neutral,Neutral,98,35,167
joe.Ja7e3tUwdJA.01.txt,Neutral,Negative,21,18,81
julian.ceYazOAJE28.14.txt,Neutral,Neutral,54,16,230
julian.ceYazOAJE28.01.txt,Neutral,Neutral,6,7,287
andrew.vnpWKgRX1Mc.01.txt,Neutral,Neutral,20,97,134
elizabeth.psHtEQD1scU.01.txt,Positive,Neutral,157,48,96
bernie.NZ_WulgST3U.12.txt,Neutral,Neutral,20,10,255
amy.9TwHGr4BCkE.17.txt,Neutral,Positive,72,4,146
kamala.a0Kf9YIXSVk.11.txt,Neutral,Neutral,37,75,145
elizabeth.9-DJBZ1I4Vw.08.txt,Positive,Positive,170,47,77
kamala.-Sx_89JAvss.00.txt,Neutral,Negative,2,57,239
elizabeth.fVsGgzhfugw.00.txt,Neutral,Neutral,15,102,181
beto.-fQyfFNSVZg.02.txt,Neutral,Positive,122,56,122
kamala.aTO3DQ-MxIQ.05.txt,Neutral,Negative,99,38,143
julian.UlqLOzIUW_U.17.txt,Neutral,Neutral,95,34,171
beto.dzbPwgKsHbY.38.txt,Neutral,Neutral,111,13,152
bernie.jNHOwtt2OoE.05.txt,Neutral,Neutral,44,27,229
beto.-fQyfFNSVZg.11.txt,Neutral,Positive,84,49,167
cory.iCdmEsRWkx8.01.txt,Neutral,Positive,48,83,169
elizabeth.9-DJBZ1I4Vw.10.txt,Positive,Positive,169,54,76
cory.bvSfBCCJPfg.22.txt,Neutral,Neutral,101,15,184
cory.5k8wnrVOnik.10.txt,Neutral,Neutral,1,9,290
pete.xBokmGo4vrg.04.txt,Neutral,Positive,9,17,274
andrew.50aDxO2uscs.16.txt,Neutral,Positive,32,53,215
donald.9Ct43xvDYDE.03.txt,Neutral,Neutral,5,4,165
joe.93Ma8CX6Jzo.01.txt,Neutral,Neutral,0,43,257
andrew.crU72vuhWTk.04.txt,Positive,Neutral,239,4,57
andrew.0k9pOXSfy0E.14.txt,Neutral,Neutral,208,20,316
bernie.bmsbpmI1Ty4.18.txt,Negative,Neutral,8,167,123
amy.IIrv5o2i_Hs.05.txt,Positive,Positive,130,14,122
joe.SFAHcLh5Dl0.22.txt,Neutral,Negative,2,5,283
joe.oM10W_hLaS8.19.txt,Neutral,Neutral,4,54,143
julian.UlqLOzIUW_U.15.txt,Negative,Neutral,114,142,44
julian.vHYeaWVLWkA.01.txt,Neutral,Neutral,0,15,215
beto.-fQyfFNSVZg.07.txt,Negative,Neutral,99,109,92
kamala.YsAQfqU7Y2U.05.txt,Neutral,Negative,61,87,102
beto.dmKecHbkCQk.03.txt,Neutral,Neutral,31,15,226
bernie.RPZVxKBLHiw.04.txt,Neutral,Neutral,60,49,191
elizabeth.2YBSzFmtK_s.00.txt,Neutral,Neutral,44,82,174
donald.O9__G3I0Mc0.06.txt,Neutral,Negative,12,135,153
julian.Xg6M6smFXBo.15.txt,Neutral,Positive,22,35,243
amy.IIrv5o2i_Hs.00.txt,Positive,Positive,124,17,86
amy.9TwHGr4BCkE.12.txt,Neutral,Positive,35,19,140
cory.bvSfBCCJPfg.00.txt,Neutral,Positive,86,23,191
amy.HGvqJI2MC6U.10.txt,Positive,Neutral,177,49,74
pete.xBokmGo4vrg.13.txt,Neutral,Neutral,8,21,271
kamala.YsAQfqU7Y2U.00.txt,Positive,Neutral,129,14,107
julian.UlqLOzIUW_U.13.txt,Negative,Neutral,127,156,17
julian.Xg6M6smFXBo.13.txt,Neutral,Neutral,4,4,292
bernie.bmsbpmI1Ty4.01.txt,Neutral,Neutral,39,69,190
julian.Xg6M6smFXBo.14.txt,Neutral,Neutral,9,65,226
joe.2UWVO0Trd1c.01.txt,Neutral,Negative,108,5,187
beto.4o1y_dbkriw.00.txt,Neutral,Neutral,33,54,193
amy.DpmOY2m27jY.03.txt,Neutral,Positive,96,6,195
amy.HGvqJI2MC6U.09.txt,Positive,Positive,135,77,88
amy.HGvqJI2MC6U.11.txt,Neutral,Neutral,49,44,207
pete.xBokmGo4vrg.03.txt,Neutral,Positive,26,21,253
elizabeth.9-DJBZ1I4Vw.22.txt,Positive,Neutral,180,60,60
joe.oM10W_hLaS8.09.txt,Neutral,Neutral,10,31,190
pete.9JuDyoLsdpg.03.txt,Positive,Positive,140,3,7
kamala.oUh_vkgm6_A.01.txt,Neutral,Negative,8,63,177
donald.QqVYRTHJ8Rw.04.txt,Neutral,Positive,54,91,155
julian.QtsE34OY0mw.03.txt,Neutral,Neutral,35,3,262
beto.dzbPwgKsHbY.37.txt,Positive,Positive,111,33,74
andrew.50aDxO2uscs.10.txt,Neutral,Neutral,4,36,260
bernie.NZ_WulgST3U.00.txt,Neutral,Neutral,17,84,199
elizabeth.DAWD1M_EpO8.01.txt,Negative,Neutral,71,161,68
elizabeth.ccxXIjhqOEk.00.txt,Negative,Neutral,12,156,132
julian.Nm-9UHKo9kg.00.txt,Neutral,Neutral,15,18,217
amy.6z3MDEzAYA4.00.v.txt,Neutral,Positive,110,16,123
amy.d1O1JAMnS1U.00.v.txt,Positive,Positive,114,53,84
cory.ZA8dHJ-Q0Eg.01.txt,Neutral,Positive,60,4,215
joe.Gm2RFvTZOiA.05.txt,Positive,Positive,158,1,75
pete.u5NzxlSSl-4.11.txt,Neutral,Neutral,37,7,256
cory.c6aVnXmrlyc.03.txt,Neutral,Positive,99,30,171
pete.xBokmGo4vrg.01.txt,Neutral,Positive,3,4,293
bernie.MoS1HNU5PwQ.00.txt,Neutral,Negative,16,0,62
joe.SFAHcLh5Dl0.00.txt,Neutral,Neutral,0,5,228
beto.dzbPwgKsHbY.01.txt,Neutral,Neutral,95,17,128
bernie.oeIRVKY7mdc.00.txt,Negative,Neutral,23,168,109
cory.nreRabrTZkU.01.txt,Positive,Positive,143,5,58
kamala.VKBs2GQNlGw.09.txt,Positive,Positive,233,6,61
cory.5k8wnrVOnik.11.txt,Neutral,Neutral,19,45,228
elizabeth.9-DJBZ1I4Vw.04.txt,Positive,Positive,214,51,35
elizabeth.9-DJBZ1I4Vw.25.txt,Positive,Neutral,149,21,130
donald.MyJ21nxo_QQ.21.txt,Negative,Negative,3,148,147
pete.u5NzxlSSl-4.22.txt,Neutral,Neutral,18,2,280
beto.-fQyfFNSVZg.10.txt,Positive,Positive,129,54,117
kamala.YsAQfqU7Y2U.07.txt,Positive,Positive,144,8,98
pete.u5NzxlSSl-4.06.txt,Neutral,Neutral,14,1,285
elizabeth.h4WIQJtJL6A.01.txt,Positive,Neutral,142,29,69
donald.h7q5PSYH4Xk.05.txt,Neutral,Negative,0,121,158
beto.yW1HPoqqB_8.00.txt,Negative,Neutral,38,135,127
kamala.VKBs2GQNlGw.05.txt,Positive,Positive,218,3,79
joe.SFAHcLh5Dl0.13.txt,Neutral,Negative,2,23,192
cory.bvSfBCCJPfg.18.txt,Neutral,Neutral,111,20,169
pete.BVWdUT-4PMw.05.txt,Neutral,Neutral,14,68,203
pete.xBokmGo4vrg.05.txt,Neutral,Positive,28,47,225
andrew.kOzlyrutVJA.00.txt,Neutral,Positive,27,53,156
bernie.jNHOwtt2OoE.10.txt,Neutral,Neutral,125,13,162
amy.9TwHGr4BCkE.06.txt,Neutral,Negative,58,13,143
andrew.0k9pOXSfy0E.23.txt,Neutral,Positive,11,40,549
julian.3KzmsMOoP6Y.04.txt,Neutral,Neutral,50,44,156
bernie.NZ_WulgST3U.14.txt,Neutral,Neutral,27,2,194
donald.xEYnAL3q0Tc.01.txt,Neutral,Neutral,0,99,194
elizabeth.2kunAd7t5e8.02.txt,Neutral,Neutral,8,200,392
elizabeth.h4WIQJtJL6A.08.txt,Positive,Neutral,133,18,89
joe.Ja7e3tUwdJA.04.txt,Neutral,Positive,23,21,76
cory.iCdmEsRWkx8.00.txt,Neutral,Neutral,34,19,247
pete.z85rKK-HoRI.03.txt,Neutral,Positive,135,0,165
bernie.vw5E6F2_Xng.00.txt,Positive,Positive,157,42,48
elizabeth.Jrr6JjLjM8E.00.txt,Neutral,Positive,66,93,141
beto.E5HybqvdaI0.00.txt,Neutral,Positive,40,115,145
amy.jUTEfKfzFcY.01.v.txt,Positive,Neutral,92,82,74
cory.c6aVnXmrlyc.07.txt,Neutral,Neutral,79,28,192
beto.yW1HPoqqB_8.02.txt,Neutral,Neutral,53,105,142
elizabeth.h4WIQJtJL6A.09.txt,Positive,Neutral,157,31,52
elizabeth.h4WIQJtJL6A.16.txt,Neutral,Neutral,96,20,124
bernie.bmsbpmI1Ty4.20.txt,Negative,Neutral,14,158,128
cory.bvSfBCCJPfg.24.txt,Neutral,Negative,2,32,266
elizabeth.h4WIQJtJL6A.23.txt,Positive,Neutral,185,24,31
pete.BVWdUT-4PMw.00.txt,Neutral,Neutral,36,115,140
kamala.YsAQfqU7Y2U.01.txt,Positive,Positive,200,11,39
donald.FEpwkaJQh1k.00.txt,Negative,Neutral,1,169,130
cory.bvSfBCCJPfg.21.txt,Positive,Neutral,151,14,135
cory.bvSfBCCJPfg.16.txt,Negative,Neutral,0,154,146
cory.bvSfBCCJPfg.25.txt,Neutral,Neutral,0,56,244
julian.QtsE34OY0mw.17.txt,Neutral,Neutral,6,55,224
amy.CclOKgUE_gY.00.v.txt,Negative,Neutral,6,219,26
amy.m2E6HWZQ8nM.08.txt,Positive,Positive,157,3,140
donald.9Ct43xvDYDE.04.txt,Neutral,Neutral,19,15,125
bernie.RPZVxKBLHiw.01.txt,Neutral,Positive,95,29,176
cory.5k8wnrVOnik.01.txt,Neutral,Neutral,25,26,86
joe.SFAHcLh5Dl0.11.txt,Neutral,Neutral,0,27,273
julian.3KzmsMOoP6Y.01.txt,Neutral,Positive,34,14,203
bernie.vw5E6F2_Xng.01.txt,Positive,Negative,98,26,56
andrew.E7DP_Q8eDt4.00.txt,Neutral,Neutral,34,38,173
andrew.crU72vuhWTk.01.txt,Positive,Neutral,268,0,32
amy.HGvqJI2MC6U.15.txt,Neutral,Positive,37,12,251
donald.MyJ21nxo_QQ.06.txt,Negative,Neutral,3,162,122
kamala.nrc0-K3U0MQ.02.txt,Neutral,Neutral,47,72,130
joe.SZbCvfTQdcM.03.txt,Neutral,Neutral,2,15,125
elizabeth.oCtaLzYw4sw.03.txt,Negative,Negative,39,144,118
bernie.CmwqmqXdggE.00.txt,Neutral,Neutral,20,38,233
pete.iJBGlThAQY4.03.txt,Neutral,Neutral,62,39,199
kamala.a0Kf9YIXSVk.05.txt,Neutral,Neutral,95,45,160
joe.oM10W_hLaS8.22.txt,Neutral,Neutral,1,55,221
bernie.RPZVxKBLHiw.13.txt,Neutral,Negative,34,119,147
beto.-fQyfFNSVZg.00.txt,Positive,Neutral,129,78,93
julian.Xg6M6smFXBo.11.txt,Neutral,Neutral,12,46,242
beto.DXIklJWTn6Y.03.txt,Positive,Neutral,279,2,19
cory.bvSfBCCJPfg.03.txt,Neutral,Neutral,5,37,258
andrew.0k9pOXSfy0E.07.txt,Neutral,Neutral,41,6,538
kamala.2i-gy7dyHz0.07.txt,Neutral,Positive,63,100,137
elizabeth.9-DJBZ1I4Vw.23.txt,Positive,Neutral,154,47,99
pete.u5NzxlSSl-4.41.txt,Neutral,Neutral,23,28,249
pete.u5NzxlSSl-4.42.txt,Neutral,Neutral,6,1,293
joe.SZbCvfTQdcM.02.txt,Neutral,Neutral,2,3,46
cory.-QYyNjaEyEc.01.txt,Negative,Positive,51,154,93
andrew.50aDxO2uscs.21.txt,Neutral,Neutral,53,43,204
andrew.50aDxO2uscs.09.txt,Neutral,Neutral,19,43,228
cory.c6aVnXmrlyc.00.txt,Positive,Positive,121,62,117
donald.DIf_vjjmupA.01.txt,Neutral,Negative,0,22,56
andrew.50aDxO2uscs.40.txt,Neutral,Neutral,88,19,193
pete.P_Wp6aN02Tg.02.txt,Neutral,Neutral,112,0,188
amy.ov_6JM6Sceg.06.txt,Negative,Neutral,40,142,118
joe.SFAHcLh5Dl0.04.txt,Neutral,Neutral,3,114,135
amy.m2E6HWZQ8nM.02.txt,Positive,Neutral,186,22,92
beto.dzbPwgKsHbY.42.txt,Positive,Neutral,100,19,83
beto.dzbPwgKsHbY.21.txt,Neutral,Neutral,30,27,132
julian.Xg6M6smFXBo.18.txt,Neutral,Neutral,7,63,230
joe.Ja7e3tUwdJA.11.txt,Neutral,Neutral,5,8,107
amy.HGvqJI2MC6U.21.txt,Positive,Positive,198,40,62
amy.NVvhFjMwLDk.00.v.txt,Neutral,Positive,0,13,238
beto.4o1y_dbkriw.02.txt,Neutral,Neutral,37,46,199
pete.zFDTkD3A7vU.03.txt,Neutral,Positive,87,14,199
beto.DXIklJWTn6Y.06.txt,Positive,Neutral,220,21,59
elizabeth.9-DJBZ1I4Vw.27.txt,Positive,Negative,147,17,129
andrew.50aDxO2uscs.08.txt,Neutral,Neutral,6,50,220
donald.MyJ21nxo_QQ.01.txt,Neutral,Neutral,39,27,234
amy.HGvqJI2MC6U.12.txt,Positive,Neutral,144,21,135
elizabeth.h4WIQJtJL6A.12.txt,Neutral,Neutral,98,24,118
kamala.a0Kf9YIXSVk.15.txt,Neutral,Negative,23,51,141
donald.QqVYRTHJ8Rw.08.txt,Neutral,Positive,37,45,218
joe.Ja7e3tUwdJA.12.txt,Neutral,Neutral,0,16,104
kamala.aTO3DQ-MxIQ.16.txt,Neutral,Negative,57,39,142
joe.0MBydpVL4-k.09.txt,Negative,Neutral,19,113,107
beto.lMVhL6OOuR0.01.txt,Negative,Neutral,12,154,134
amy.Sm_NnVrD88M.00.v.txt,Positive,Positive,153,31,62
kamala.qA2hQwVkyUU.00.txt,Neutral,Neutral,0,28,222
pete.7AmYtvNw-tM.00.txt,Neutral,Neutral,6,16,178
cory.JRh3vrqnv_M.00.txt,Positive,Positive,225,43,32
julian.ceYazOAJE28.06.txt,Neutral,Neutral,32,2,266
julian.rMKU-5AupA.00.txt,Positive,Positive,154,1,96
beto.lMZ1EjVyAAE.05.txt,Neutral,Neutral,5,87,208
pete.iJBGlThAQY4.11.txt,Neutral,Neutral,74,55,171
kamala.VKBs2GQNlGw.12.txt,Neutral,Positive,10,33,234
cory.bvSfBCCJPfg.19.txt,Neutral,Neutral,137,11,152
andrew.0k9pOXSfy0E.19.txt,Neutral,Positive,220,1,379
elizabeth.2YBSzFmtK_s.06.txt,Neutral,Negative,116,51,133
kamala.xviWrgt21-k.00.txt,Negative,Positive,64,155,31
andrew.0k9pOXSfy0E.18.txt,Neutral,Neutral,234,6,360
donald.3mRDW3X4k9k.02.txt,Neutral,Neutral,15,49,236
amy.Sm_NnVrD88M.00.txt,Neutral,Positive,108,55,136
amy.HGvqJI2MC6U.25.txt,Neutral,Positive,125,24,151
kamala.XiorcQd7tzQ.04.txt,Neutral,Neutral,46,1,253
pete.u5NzxlSSl-4.04.txt,Neutral,Neutral,19,4,277
andrew.0k9pOXSfy0E.21.txt,Neutral,Neutral,14,11,575
donald.O9__G3I0Mc0.03.txt,Negative,Neutral,0,237,48
pete.z85rKK-HoRI.11.txt,Neutral,Positive,18,4,278
beto.dzbPwgKsHbY.33.txt,Neutral,Neutral,93,9,108
amy.9TwHGr4BCkE.03.txt,Neutral,Positive,16,40,73
bernie.bmsbpmI1Ty4.09.txt,Negative,Neutral,41,167,89
julian.NZmuLVQB2x4.01.txt,Neutral,Neutral,0,2,249
donald.MyJ21nxo_QQ.12.txt,Negative,Neutral,11,158,110
bernie.gE6r4j-1E_o.00.txt,Negative,Neutral,3,248,30
amy.IIrv5o2i_Hs.02.txt,Positive,Positive,169,49,82
julian.UlqLOzIUW_U.21.txt,Negative,Neutral,71,146,83
joe.Ja7e3tUwdJA.07.txt,Neutral,Neutral,10,32,78
andrew.uytQGl5GV3E.01.txt,Neutral,Positive,19,27,194
andrew.0k9pOXSfy0E.22.txt,Neutral,Neutral,27,49,524
pete.u5NzxlSSl-4.17.txt,Neutral,Neutral,0,24,276
beto.-fQyfFNSVZg.13.txt,Neutral,Neutral,51,37,212
amy.9TwHGr4BCkE.15.txt,Neutral,Positive,89,7,98
julian.UlqLOzIUW_U.04.txt,Negative,Neutral,1,261,38
kamala.nrc0-K3U0MQ.01.txt,Neutral,Negative,8,106,134
bernie.RPZVxKBLHiw.00.txt,Positive,Neutral,217,3,80
amy.m2E6HWZQ8nM.06.txt,Neutral,Positive,138,3,159
elizabeth.3_Zu30C92CY.03.txt,Neutral,Negative,80,59,161
bernie.q9W6lkIz8jU.03.txt,Negative,Neutral,25,174,101
donald.xEYnAL3q0Tc.03.txt,Neutral,Negative,1,131,161
joe.TLlewQ1CiM0.02.txt,Neutral,Positive,82,43,172
julian.vHYeaWVLWkA.00.txt,Positive,Positive,137,7,53
cory.5k8wnrVOnik.22.txt,Neutral,Positive,42,41,217
pete.u5NzxlSSl-4.40.txt,Neutral,Neutral,30,7,263
elizabeth.9-DJBZ1I4Vw.19.txt,Neutral,Neutral,103,27,170
beto.dzbPwgKsHbY.34.txt,Neutral,Neutral,68,49,121
elizabeth.kLOmBE6cQB4.01.txt,Neutral,Neutral,90,60,128
kamala.VKBs2GQNlGw.20.txt,Negative,Negative,26,158,116
bernie.bmsbpmI1Ty4.07.txt,Neutral,Neutral,14,54,231
donald.MyJ21nxo_QQ.27.txt,Neutral,Neutral,23,94,178
pete.u5NzxlSSl-4.25.txt,Neutral,Neutral,6,2,292
andrew.50aDxO2uscs.42.txt,Neutral,Neutral,36,27,229
joe.7wfrtnGV27k.00.txt,Neutral,Neutral,56,84,99
donald.9Ct43xvDYDE.01.txt,Neutral,Neutral,3,33,191
julian.YhQNm51njZo.01.txt,Neutral,Neutral,5,1,245
beto.lMVhL6OOuR0.06.txt,Negative,Neutral,39,132,129
amy.IIrv5o2i_Hs.01.txt,Positive,Positive,177,19,96
elizabeth.3_Zu30C92CY.00.txt,Positive,Positive,173,76,50
amy.9TwHGr4BCkE.11.txt,Neutral,Positive,84,19,109
julian.vHYeaWVLWkA.02.txt,Neutral,Neutral,7,9,219
pete.tKblMV3U3As.00.txt,Negative,Positive,50,105,101
kamala.a0Kf9YIXSVk.18.txt,Neutral,Neutral,118,12,170
beto.dzbPwgKsHbY.41.txt,Neutral,Neutral,83,10,120
julian.1kTI8XGAKnk.02.txt,Neutral,Positive,8,2,230
kamala.a0Kf9YIXSVk.12.txt,Neutral,Neutral,31,66,158
bernie.bmsbpmI1Ty4.19.txt,Negative,Negative,17,201,82
pete.V6G7nlHs3ZM.00.txt,Neutral,Neutral,9,115,176
pete.u5NzxlSSl-4.28.txt,Neutral,Neutral,7,8,285
cory.UnhMDsdV5Ow.00.txt,Neutral,Positive,87,42,171
joe.oM10W_hLaS8.16.txt,Neutral,Neutral,0,122,137
joe.Ja7e3tUwdJA.17.txt,Neutral,Neutral,21,27,72
pete.z85rKK-HoRI.07.txt,Positive,Positive,148,7,117
cory.c6aVnXmrlyc.01.txt,Neutral,Positive,87,54,159
amy.IIrv5o2i_Hs.06.txt,Positive,Positive,224,12,60
cory.aAgmc8ixaB8.00.txt,Neutral,Positive,69,80,147
cory.5k8wnrVOnik.15.txt,Neutral,Positive,102,40,158
pete.u5NzxlSSl-4.21.txt,Neutral,Neutral,0,4,296
elizabeth.3_Zu30C92CY.01.txt,Neutral,Neutral,8,55,237
kamala.aTO3DQ-MxIQ.07.txt,Neutral,Negative,127,25,142
donald.MyJ21nxo_QQ.26.txt,Neutral,Neutral,9,125,136
julian.3KzmsMOoP6Y.00.txt,Neutral,Positive,74,33,144
amy.9TwHGr4BCkE.09.txt,Neutral,Positive,77,1,148
julian.DwKwWmwL-mY.02.txt,Neutral,Neutral,27,22,201
cory.Mu717xfFPVI.02.txt,Neutral,Positive,31,54,215
kamala.nrc0-K3U0MQ.04.txt,Neutral,Negative,19,38,193
julian.UlqLOzIUW_U.10.txt,Positive,Neutral,147,29,124
pete.V6G7nlHs3ZM.01.txt,Neutral,Neutral,4,30,266
cory.5k8wnrVOnik.09.txt,Neutral,Neutral,27,34,120
kamala.VKBs2GQNlGw.08.txt,Positive,Neutral,207,16,77
amy.D-mLMZLnJ0I.00.v.txt,Neutral,Positive,110,3,138
andrew.9NgkJLDxob8.00.txt,Neutral,Neutral,49,14,188
beto.MdoaVn7gtEI.03.txt,Negative,Neutral,14,148,137
donald.vy1BnqbTWGw.01.txt,Negative,Negative,17,153,95
julian.UlqLOzIUW_U.01.txt,Negative,Positive,9,205,86
andrew.50aDxO2uscs.39.txt,Neutral,Neutral,36,27,219
andrew.SBeKD3tBEws.00.txt,Negative,Positive,0,228,22
pete.z85rKK-HoRI.08.txt,Positive,Positive,168,6,126
bernie.ffajiFXOX-A.00.txt,Neutral,Neutral,8,132,160
donald.xEYnAL3q0Tc.02.txt,Negative,Neutral,3,176,120
elizabeth.9-DJBZ1I4Vw.21.txt,Positive,Positive,156,97,47
amy.rx85Mp_iZhk.00.v.txt,Neutral,Positive,108,34,109
amy.HGvqJI2MC6U.17.txt,Positive,Positive,189,52,59
amy.jGC29xPJyLU.00.v.txt,Negative,Positive,81,95,68
julian.UlqLOzIUW_U.08.txt,Neutral,Negative,62,94,144
pete.u5NzxlSSl-4.09.txt,Neutral,Neutral,10,1,289
pete.zFDTkD3A7vU.01.txt,Neutral,Neutral,103,50,147
andrew.0k9pOXSfy0E.29.txt,Neutral,Positive,88,17,495
joe.oM10W_hLaS8.18.txt,Neutral,Neutral,2,103,165
julian.ceYazOAJE28.15.txt,Neutral,Neutral,4,38,258
amy.HGvqJI2MC6U.13.txt,Positive,Neutral,224,21,55
kamala.YsAQfqU7Y2U.02.txt,Positive,Neutral,185,17,47
joe.SFAHcLh5Dl0.21.txt,Neutral,Neutral,2,20,191
pete.xBokmGo4vrg.15.txt,Neutral,Neutral,2,3,295
pete.u5NzxlSSl-4.07.txt,Neutral,Positive,3,1,296
donald.DIf_vjjmupA.05.txt,Neutral,Negative,8,25,76
amy.IIrv5o2i_Hs.09.txt,Positive,Positive,190,7,100
kamala.01NsSWa4BLU.05.txt,Neutral,Negative,48,74,133
elizabeth.h4WIQJtJL6A.17.txt,Positive,Neutral,164,13,63
julian.QtsE34OY0mw.10.txt,Neutral,Neutral,4,10,279
andrew.50aDxO2uscs.32.txt,Negative,Neutral,35,198,67
cory.5k8wnrVOnik.14.txt,Neutral,Neutral,63,98,139
elizabeth.2YBSzFmtK_s.08.txt,Positive,Negative,132,58,110
pete.L-_IBA1UA3k.00.txt,Neutral,Neutral,16,7,215
andrew.DPbXKhScDEI.06.txt,Neutral,Neutral,37,33,230
amy.m2E6HWZQ8nM.01.txt,Neutral,Positive,136,21,143
amy.9TwHGr4BCkE.18.txt,Neutral,Positive,81,7,87
joe.SFAHcLh5Dl0.18.txt,Negative,Neutral,0,90,77
cory.5k8wnrVOnik.06.txt,Neutral,Neutral,7,3,7
bernie.NZ_WulgST3U.11.txt,Neutral,Neutral,18,18,223
kamala.XiorcQd7tzQ.07.txt,Neutral,Positive,108,2,190
joe.oM10W_hLaS8.15.txt,Negative,Negative,4,120,115
amy.HGvqJI2MC6U.07.txt,Positive,Positive,196,34,70
kamala.VKBs2GQNlGw.04.txt,Neutral,Positive,31,22,243
pete.0_NpcT-wzE8.00.txt,Neutral,Neutral,14,18,208
julian.UlqLOzIUW_U.03.txt,Negative,Neutral,40,252,8
kamala.VKBs2GQNlGw.15.txt,Positive,Positive,178,38,84
kamala.VKBs2GQNlGw.19.txt,Negative,Negative,10,170,120
elizabeth.kLOmBE6cQB4.02.txt,Negative,Negative,36,211,54
donald.O9__G3I0Mc0.05.txt,Neutral,Negative,24,118,123
donald.3mRDW3X4k9k.04.txt,Neutral,Neutral,2,20,277
donald.9Ct43xvDYDE.02.txt,Neutral,Neutral,1,18,139
julian.QtsE34OY0mw.16.txt,Neutral,Neutral,4,67,205
elizabeth.9-DJBZ1I4Vw.15.txt,Positive,Negative,197,48,55
elizabeth.GQ6JnsTEUXw.01.txt,Neutral,Neutral,108,49,140
pete.L-_IBA1UA3k.03.txt,Neutral,Positive,6,57,145
joe.Ja7e3tUwdJA.06.txt,Negative,Negative,11,59,50
joe.E9fImaySFgU.03.txt,Neutral,Neutral,28,8,200
pete.u5NzxlSSl-4.00.txt,Neutral,Positive,78,26,196
amy.ov_6JM6Sceg.07.txt,Negative,Neutral,41,151,100
beto.lMVhL6OOuR0.03.txt,Neutral,Neutral,31,94,175
donald.3bEqkOTJ9eA.14.txt,Neutral,Neutral,0,1,197
cory.bvSfBCCJPfg.23.txt,Neutral,Neutral,35,66,199
beto.-fQyfFNSVZg.05.txt,Neutral,Neutral,90,48,162
pete.z85rKK-HoRI.09.txt,Neutral,Positive,129,5,166
elizabeth.ioufILxIU0w.02.txt,Neutral,Negative,26,42,228
cory.tRXvQ3PQDiY.01.txt,Negative,Negative,45,142,103
kamala.aTO3DQ-MxIQ.12.txt,Neutral,Positive,41,52,64
joe.2UWVO0Trd1c.00.txt,Neutral,Negative,17,2,281
julian.vqoxERft6J4.01.txt,Neutral,Neutral,22,9,212
joe.SFAHcLh5Dl0.23.txt,Neutral,Neutral,0,79,189
julian.QtsE34OY0mw.19.txt,Neutral,Neutral,8,54,232
cory.5k8wnrVOnik.13.txt,Neutral,Positive,104,78,118
pete.0_NpcT-wzE8.01.txt,Neutral,Neutral,11,76,153
donald.DIf_vjjmupA.02.txt,Neutral,Negative,2,2,14
cory.bvSfBCCJPfg.07.txt,Neutral,Neutral,136,13,151
andrew.50aDxO2uscs.24.txt,Neutral,Neutral,27,29,242
amy.9TwHGr4BCkE.04.txt,Neutral,Neutral,38,12,129
bernie.RPZVxKBLHiw.11.txt,Neutral,Negative,25,104,154
elizabeth.HLyP3_xrnKo.01.txt,Negative,Positive,29,170,102
bernie.IWeRqqYModc.00.txt,Positive,Neutral,72,44,31
amy.DpmOY2m27jY.10.txt,Positive,Neutral,149,37,114
kamala.XiorcQd7tzQ.00.txt,Positive,Positive,171,2,127
joe.FiPVOx-cAfQ.01.txt,Neutral,Neutral,16,57,158
bernie.jNHOwtt2OoE.00.txt,Neutral,Neutral,14,4,282
joe.oM10W_hLaS8.06.txt,Neutral,Neutral,1,30,245
elizabeth.wrbtH3y52mU.05.txt,Negative,Neutral,15,193,92
andrew.50aDxO2uscs.41.txt,Neutral,Neutral,23,31,246
kamala.aTO3DQ-MxIQ.09.txt,Positive,Negative,97,28,29
beto.dzbPwgKsHbY.39.txt,Neutral,Neutral,19,11,110
kamala.2heqqCYCR2s.00.txt,Negative,Negative,63,118,70
elizabeth.oCtaLzYw4sw.00.txt,Positive,Positive,151,89,54
pete.z85rKK-HoRI.10.txt,Neutral,Positive,91,1,208
joe.93Ma8CX6Jzo.00.txt,Neutral,Neutral,5,107,186
amy.DpmOY2m27jY.09.txt,Neutral,Neutral,79,36,164
amy.dk_CtCK8v7E.00.v.txt,Neutral,Neutral,105,21,125
beto.lMZ1EjVyAAE.04.txt,Neutral,Negative,8,107,184
kamala.YsAQfqU7Y2U.03.txt,Neutral,Neutral,75,14,154
pete.u5NzxlSSl-4.33.txt,Neutral,Neutral,16,16,268
cory.bvSfBCCJPfg.06.txt,Neutral,Neutral,62,11,226
joe.0MBydpVL4-k.11.txt,Negative,Neutral,16,113,109
beto.vwu_srxJOWg.00.txt,Neutral,Neutral,8,2,288
joe.SFAHcLh5Dl0.26.txt,Neutral,Neutral,3,125,165
donald.DIf_vjjmupA.03.txt,Neutral,Negative,0,8,8
cory.HzhQcNJ8v9o.00.txt,Neutral,Positive,104,54,114
pete.P_Wp6aN02Tg.01.txt,Positive,Neutral,220,0,80
beto.dzbPwgKsHbY.02.txt,Neutral,Positive,75,4,107
donald.xa7MY2_pmxU.01.txt,Negative,Positive,108,111,81
pete.xBokmGo4vrg.07.txt,Neutral,Neutral,90,39,171
joe.0MBydpVL4-k.10.txt,Neutral,Neutral,19,106,109
bernie.e2UXkQmSQE4.00.txt,Neutral,Positive,39,9,234
julian.UlqLOzIUW_U.18.txt,Positive,Neutral,202,86,12
kamala.VKBs2GQNlGw.01.txt,Positive,Positive,243,19,20
amy.ov_6JM6Sceg.04.txt,Negative,Neutral,52,161,69
beto.dzbPwgKsHbY.29.txt,Neutral,Neutral,89,14,116
andrew.Ln6NhfUZPqQ.04.txt,Positive,Neutral,270,4,21
bernie.NZ_WulgST3U.16.txt,Neutral,Negative,26,5,223
cory.CmUwvdmgOhA.00.txt,Neutral,Neutral,53,31,216
elizabeth.9-DJBZ1I4Vw.01.txt,Positive,Positive,219,27,48
joe.oM10W_hLaS8.12.txt,Negative,Neutral,11,112,110
pete.u5NzxlSSl-4.03.txt,Neutral,Neutral,18,1,281
andrew.50aDxO2uscs.34.txt,Neutral,Neutral,15,34,247
donald.h7q5PSYH4Xk.07.txt,Neutral,Neutral,0,68,167
andrew.50aDxO2uscs.36.txt,Neutral,Neutral,22,85,179
beto.dzbPwgKsHbY.03.txt,Neutral,Neutral,84,16,150
beto.ReO55QnFy4M.01.txt,Neutral,Neutral,41,17,225
donald.h7q5PSYH4Xk.11.txt,Neutral,Neutral,2,36,223
bernie.bmsbpmI1Ty4.13.txt,Negative,Neutral,9,191,100
elizabeth.h4WIQJtJL6A.22.txt,Positive,Neutral,191,26,23
beto.dzbPwgKsHbY.30.txt,Positive,Neutral,132,19,85
julian.ceYazOAJE28.11.txt,Neutral,Neutral,24,14,262
pete.iJBGlThAQY4.01.txt,Neutral,Neutral,38,53,209
joe.SFAHcLh5Dl0.05.txt,Neutral,Neutral,1,31,245
elizabeth.UG220dcifxg.00.txt,Negative,Negative,106,192,2
beto.-fQyfFNSVZg.15.txt,Neutral,Neutral,72,33,195
bernie.RPZVxKBLHiw.09.txt,Neutral,Neutral,61,32,207
pete.9JuDyoLsdpg.05.txt,Positive,Neutral,141,0,9
andrew.Ln6NhfUZPqQ.05.txt,Positive,Neutral,291,0,9
elizabeth.9-DJBZ1I4Vw.00.txt,Positive,Positive,217,35,24
pete.u5NzxlSSl-4.37.txt,Neutral,Neutral,13,4,283
andrew.50aDxO2uscs.12.txt,Neutral,Neutral,48,39,213
julian.GTQgJg08934.00.txt,Neutral,Negative,14,72,214
pete.z85rKK-HoRI.12.txt,Neutral,Neutral,51,19,230
beto.dzbPwgKsHbY.28.txt,Neutral,Neutral,28,14,173
beto.1ZG6pku_pWY.19.txt,Neutral,Neutral,26,33,241
elizabeth.oCtaLzYw4sw.04.txt,Negative,Negative,51,137,112
cory.bvSfBCCJPfg.14.txt,Neutral,Neutral,126,18,156
bernie.jNHOwtt2OoE.01.txt,Neutral,Neutral,8,11,281
cory.dQlA_CPBfnY.01.txt,Positive,Positive,149,27,114
beto.MdoaVn7gtEI.05.txt,Neutral,Neutral,10,143,147
cory.VaC8g8GxZZc.00.txt,Positive,Positive,154,35,111
joe.yMIF-zD7D1g.00.txt,Neutral,Negative,50,46,154
bernie.NZ_WulgST3U.07.txt,Neutral,Neutral,39,21,240
pete.xBokmGo4vrg.08.txt,Neutral,Positive,70,75,155
joe.Ja7e3tUwdJA.10.txt,Positive,Neutral,53,22,45
cory.5k8wnrVOnik.16.txt,Positive,Positive,144,60,96
amy.HGvqJI2MC6U.19.txt,Positive,Neutral,209,19,72
amy.Sm_NnVrD88M.02.txt,Neutral,Positive,38,2,259
andrew.E7DP_Q8eDt4.01.txt,Neutral,Positive,68,0,168
cory.CmUwvdmgOhA.01.txt,Neutral,Neutral,18,25,257
andrew.nDWwRWYP3_U.02.txt,Negative,Neutral,10,153,87
cory.Mu717xfFPVI.07.txt,Negative,Negative,8,151,141
elizabeth.oCtaLzYw4sw.01.txt,Positive,Positive,126,75,99
julian.QtsE34OY0mw.11.txt,Neutral,Neutral,0,6,251
beto.-fQyfFNSVZg.12.txt,Neutral,Neutral,43,41,215
andrew.nlt3nyZdnmI.00.txt,Neutral,Neutral,6,107,137
joe.SFAHcLh5Dl0.06.txt,Neutral,Neutral,0,54,189
joe.oM10W_hLaS8.00.txt,Negative,Neutral,0,148,91
elizabeth.2kunAd7t5e8.01.txt,Negative,Positive,139,231,230
andrew.50aDxO2uscs.33.txt,Negative,Neutral,37,148,108
joe.SFAHcLh5Dl0.08.txt,Neutral,Neutral,2,26,271
kamala.xviWrgt21-k.01.txt,Negative,Positive,30,178,42
bernie.NZ_WulgST3U.08.txt,Neutral,Neutral,16,35,236
julian.UlqLOzIUW_U.22.txt,Negative,Neutral,94,194,12
elizabeth.K6N0X-dw4do.01.txt,Neutral,Neutral,50,80,170
joe.Ja7e3tUwdJA.05.txt,Neutral,Neutral,13,6,101
elizabeth.9-DJBZ1I4Vw.16.txt,Positive,Positive,150,30,101
julian.Xg6M6smFXBo.17.txt,Neutral,Neutral,7,6,286
donald.MyJ21nxo_QQ.03.txt,Neutral,Neutral,5,91,198
elizabeth.9-DJBZ1I4Vw.28.txt,Neutral,Neutral,106,47,145
amy.HGvqJI2MC6U.23.txt,Positive,Neutral,157,70,73
donald.MyJ21nxo_QQ.11.txt,Negative,Neutral,0,171,70
pete.u5NzxlSSl-4.08.txt,Neutral,Neutral,49,9,242
julian.ceYazOAJE28.23.txt,Neutral,Neutral,20,22,258
beto.-fQyfFNSVZg.01.txt,Positive,Positive,145,73,82
kamala.uzAdNs8oXZo.00.txt,Negative,Negative,36,148,63
andrew.cTsEzmFamZ8.00.txt,Negative,Positive,53,105,93
beto.dmKecHbkCQk.00.txt,Neutral,Neutral,74,11,215
pete.iJBGlThAQY4.12.txt,Neutral,Neutral,89,14,197
kamala.XiorcQd7tzQ.06.txt,Neutral,Positive,68,45,187
bernie.NZ_WulgST3U.03.txt,Neutral,Neutral,24,18,250
joe.TLlewQ1CiM0.00.txt,Neutral,Negative,25,121,154
cory.5k8wnrVOnik.25.txt,Neutral,Neutral,46,59,195
elizabeth.h4WIQJtJL6A.00.txt,Negative,Neutral,2,211,27
joe.oM10W_hLaS8.03.txt,Negative,Neutral,12,175,95
cory.bvSfBCCJPfg.10.txt,Neutral,Neutral,59,78,163
pete.zFDTkD3A7vU.00.txt,Negative,Neutral,55,132,113
joe.Ja7e3tUwdJA.15.txt,Neutral,Neutral,5,9,106
kamala.aTO3DQ-MxIQ.11.txt,Neutral,Neutral,70,20,184
kamala.aTO3DQ-MxIQ.14.txt,Neutral,Positive,90,6,170
bernie.jNHOwtt2OoE.08.txt,Neutral,Neutral,75,9,216
julian.vqoxERft6J4.00.txt,Positive,Positive,150,52,34
cory.bvSfBCCJPfg.12.txt,Neutral,Neutral,84,38,178
cory.nreRabrTZkU.00.txt,Neutral,Neutral,12,1,102
julian.1kTI8XGAKnk.03.txt,Neutral,Positive,71,11,158
joe.oM10W_hLaS8.23.txt,Neutral,Neutral,5,64,226
amy.jUTEfKfzFcY.00.v.txt,Negative,Neutral,34,177,40
bernie.xqxREep-3Nc.01.txt,Neutral,Neutral,0,0,16
donald.3bEqkOTJ9eA.24.txt,Neutral,Negative,1,38,211
beto.lMZ1EjVyAAE.00.txt,Neutral,Positive,18,52,229
donald.xEYnAL3q0Tc.04.txt,Neutral,Neutral,0,95,205
donald.MyJ21nxo_QQ.00.txt,Neutral,Neutral,32,127,135
amy.loIFpooBsmE.00.v.txt,Neutral,Positive,95,8,141
elizabeth.HLyP3_xrnKo.00.txt,Negative,Positive,74,126,97
julian.UlqLOzIUW_U.14.txt,Negative,Neutral,72,199,29
bernie.NPls2ka9zOY.00.txt,Neutral,Neutral,42,19,179
elizabeth.h4WIQJtJL6A.02.txt,Negative,Neutral,6,185,49
donald.O9__G3I0Mc0.00.txt,Negative,Neutral,0,248,43
joe.SFAHcLh5Dl0.27.txt,Neutral,Neutral,1,16,282
donald.h7q5PSYH4Xk.03.txt,Neutral,Neutral,2,126,171
elizabeth.9-DJBZ1I4Vw.03.txt,Positive,Positive,137,23,131
beto.DXIklJWTn6Y.01.txt,Neutral,Neutral,31,12,257
julian.ceYazOAJE28.07.txt,Neutral,Neutral,13,6,281
joe.Ja7e3tUwdJA.03.txt,Neutral,Neutral,9,9,102
kamala.2i-gy7dyHz0.01.txt,Neutral,Negative,14,132,154
elizabeth.h4WIQJtJL6A.05.txt,Negative,Neutral,23,125,92
andrew.0k9pOXSfy0E.28.txt,Neutral,Neutral,92,100,408
julian.QtsE34OY0mw.07.txt,Neutral,Neutral,15,23,262
andrew.50aDxO2uscs.25.txt,Neutral,Neutral,54,109,137
pete.9JuDyoLsdpg.01.txt,Positive,Positive,131,3,16
andrew.50aDxO2uscs.22.txt,Neutral,Neutral,45,85,170
elizabeth.K6N0X-dw4do.00.txt,Neutral,Neutral,36,100,164
elizabeth.psHtEQD1scU.00.txt,Positive,Neutral,182,43,75
bernie.cfpwoVROJBo.01.txt,Neutral,Neutral,2,103,196
joe.SFAHcLh5Dl0.14.txt,Neutral,Neutral,1,22,273
amy.HGvqJI2MC6U.06.txt,Positive,Neutral,137,76,87
beto.-fQyfFNSVZg.03.txt,Neutral,Neutral,50,98,152
julian.DwKwWmwL-mY.00.txt,Neutral,Neutral,57,38,155
cory.jaXt8gMKctk.03.txt,Neutral,Positive,7,73,159
cory.5k8wnrVOnik.05.txt,Negative,Neutral,2,125,16
bernie.jNHOwtt2OoE.18.txt,Neutral,Neutral,3,1,296
beto.E5HybqvdaI0.01.txt,Neutral,Neutral,61,112,127
amy.dqqlZ9ukyjA.00.v.txt,Negative,Positive,61,108,82
beto.lMVhL6OOuR0.02.txt,Negative,Neutral,19,201,80
donald.aEzmj9yZw2w.01.txt,Neutral,Neutral,22,9,215
amy.65TkrBa1sdU.00.v.txt,Positive,Positive,171,35,45
andrew.hz_H4g-AfBQ.00.txt,Neutral,Neutral,6,0,293
bernie.0N9_4jx3ZvM.01.txt,Negative,Neutral,0,236,64
bernie.bmsbpmI1Ty4.10.txt,Negative,Neutral,61,183,56
pete.u5NzxlSSl-4.14.txt,Neutral,Neutral,11,12,277
joe.SFAHcLh5Dl0.02.txt,Neutral,Negative,0,18,178
amy.jQQ6iwceKec.00.txt,Neutral,Neutral,44,106,150
julian.1kTI8XGAKnk.01.txt,Neutral,Neutral,8,13,219
bernie.RPZVxKBLHiw.06.txt,Neutral,Neutral,25,49,226
elizabeth.2YBSzFmtK_s.04.txt,Positive,Negative,174,53,73
joe.oM10W_hLaS8.14.txt,Negative,Neutral,0,249,49
kamala.VKBs2GQNlGw.10.txt,Positive,Positive,162,6,132
andrew.DPbXKhScDEI.07.txt,Neutral,Neutral,4,40,254
andrew.RnzicxnN4Mo.00.txt,Positive,Positive,120,53,77
amy.DpmOY2m27jY.06.txt,Positive,Positive,111,57,107
elizabeth.oCtaLzYw4sw.02.txt,Positive,Positive,170,29,101
elizabeth.ioufILxIU0w.00.txt,Neutral,Negative,46,96,158
joe.7wfrtnGV27k.01.txt,Neutral,Positive,21,20,259
elizabeth.kiXs7mi1DJ4.00.txt,Neutral,Neutral,30,121,150
kamala.XiorcQd7tzQ.01.txt,Neutral,Positive,145,8,147
elizabeth.h4WIQJtJL6A.04.txt,Neutral,Neutral,28,61,151
elizabeth.h4WIQJtJL6A.24.txt,Positive,Neutral,120,40,80
amy.DpmOY2m27jY.05.txt,Positive,Neutral,141,33,126
bernie.NZ_WulgST3U.13.txt,Neutral,Negative,25,7,232
bernie.q9W6lkIz8jU.02.txt,Negative,Negative,40,199,56
elizabeth.0Kybc1tWkC4.00.txt,Neutral,Negative,49,105,106
bernie.jNHOwtt2OoE.15.txt,Neutral,Neutral,133,9,158
julian.DwKwWmwL-mY.01.txt,Neutral,Neutral,77,28,145
donald.h7q5PSYH4Xk.08.txt,Neutral,Negative,1,90,124
cory.bvSfBCCJPfg.05.txt,Neutral,Neutral,36,2,262
andrew.uytQGl5GV3E.00.txt,Neutral,Positive,23,26,191
andrew.nDWwRWYP3_U.00.txt,Negative,Positive,1,206,43
joe.Ja7e3tUwdJA.00.txt,Neutral,Neutral,19,14,87
kamala.a0Kf9YIXSVk.06.txt,Neutral,Neutral,32,47,215
elizabeth.2YBSzFmtK_s.05.txt,Positive,Neutral,131,71,98
andrew.DPbXKhScDEI.01.txt,Neutral,Positive,16,25,243
cory.5k8wnrVOnik.18.txt,Positive,Positive,134,40,122
julian.ceYazOAJE28.21.txt,Neutral,Neutral,14,2,283
cory.iCdmEsRWkx8.04.txt,Negative,Neutral,31,141,128
amy.ov_6JM6Sceg.03.txt,Negative,Positive,71,134,95
beto.lMZ1EjVyAAE.01.txt,Neutral,Neutral,6,113,181
bernie.bmsbpmI1Ty4.14.txt,Negative,Negative,16,167,117
amy.ov_6JM6Sceg.02.txt,Neutral,Positive,14,95,129
kamala.aTO3DQ-MxIQ.17.txt,Positive,Negative,182,13,84
donald.h7q5PSYH4Xk.04.txt,Negative,Negative,1,201,96
pete.iJBGlThAQY4.04.txt,Neutral,Negative,31,63,206
cory.tRXvQ3PQDiY.00.txt,Neutral,Negative,65,47,144
beto.-fQyfFNSVZg.06.txt,Neutral,Negative,100,35,165
julian.QtsE34OY0mw.18.txt,Neutral,Neutral,4,51,205
joe.oM10W_hLaS8.13.txt,Neutral,Neutral,2,80,170
bernie.KF3LNkWhtq8.00.txt,Neutral,Negative,84,64,148
andrew.AWgI9NM6jP4.00.txt,Neutral,Negative,0,135,165
joe.SFAHcLh5Dl0.01.txt,Neutral,Neutral,1,18,262
julian.UlqLOzIUW_U.06.txt,Positive,Neutral,149,93,58
julian.UlqLOzIUW_U.07.txt,Negative,Negative,53,204,43
kamala.aTO3DQ-MxIQ.18.txt,Positive,Positive,153,28,108
julian.UlqLOzIUW_U.05.txt,Negative,Neutral,51,136,113
amy.m2E6HWZQ8nM.03.txt,Positive,Neutral,160,61,79
julian.QtsE34OY0mw.12.txt,Neutral,Neutral,0,1,157
joe.E9fImaySFgU.01.txt,Neutral,Negative,16,10,215
donald.3bEqkOTJ9eA.12.txt,Neutral,Negative,0,3,247
cory.hMR1sGNlHqo.02.txt,Neutral,Negative,17,75,208
donald.O9__G3I0Mc0.08.txt,Negative,Negative,0,201,99
joe.2UWVO0Trd1c.03.txt,Neutral,Negative,23,57,220
donald.3bEqkOTJ9eA.10.txt,Neutral,Neutral,0,19,231
julian.QtsE34OY0mw.15.txt,Neutral,Neutral,4,44,186
andrew.0k9pOXSfy0E.30.txt,Neutral,Neutral,25,31,544
elizabeth.9-DJBZ1I4Vw.17.txt,Positive,Positive,166,26,108
julian.QtsE34OY0mw.13.txt,Neutral,Neutral,0,7,198
cory.usrMK84gxVQ.01.txt,Positive,Negative,158,70,72
amy.IIrv5o2i_Hs.04.txt,Positive,Positive,180,22,98
elizabeth.h4WIQJtJL6A.19.txt,Neutral,Negative,50,58,132
bernie.d58HnPWJGCw.00.txt,Neutral,Negative,25,24,184
amy.9TwHGr4BCkE.07.txt,Neutral,Positive,74,20,128
pete.tKblMV3U3As.01.txt,Negative,Positive,36,192,55
donald.h7q5PSYH4Xk.18.txt,Neutral,Neutral,6,75,211
beto.dzbPwgKsHbY.32.txt,Positive,Neutral,98,11,97
cory.bvSfBCCJPfg.15.txt,Neutral,Neutral,0,38,262
pete.iJBGlThAQY4.13.txt,Neutral,Neutral,48,58,194
cory.bvSfBCCJPfg.17.txt,Neutral,Neutral,71,22,207
bernie.TLeGj7kZ2I0.00.txt,Neutral,Negative,1,87,211
andrew.50aDxO2uscs.35.txt,Neutral,Neutral,31,29,240
amy.DpmOY2m27jY.01.txt,Neutral,Neutral,13,57,229
bernie.bmsbpmI1Ty4.05.txt,Neutral,Negative,38,108,153
bernie.RPZVxKBLHiw.02.txt,Neutral,Positive,62,49,189
bernie.gC8x27PzQ84.00.txt,Neutral,Neutral,2,20,213
kamala.aTO3DQ-MxIQ.03.txt,Neutral,Negative,124,39,132
donald.DIf_vjjmupA.08.txt,Neutral,Neutral,0,9,29
joe.FiPVOx-cAfQ.00.txt,Neutral,Negative,37,82,94
bernie.RPZVxKBLHiw.10.txt,Neutral,Negative,41,86,173
pete.u5NzxlSSl-4.39.txt,Neutral,Neutral,0,3,297
elizabeth.2YBSzFmtK_s.03.txt,Positive,Negative,186,19,95
joe.Ja7e3tUwdJA.13.txt,Neutral,Neutral,23,24,73
bernie.xqxREep-3Nc.00.txt,Negative,Negative,4,93,59
andrew.DPbXKhScDEI.00.txt,Neutral,Neutral,27,42,214
kamala.aTO3DQ-MxIQ.01.txt,Positive,Negative,96,23,92
bernie.jNHOwtt2OoE.09.txt,Neutral,Neutral,40,21,239
beto.-fQyfFNSVZg.14.txt,Neutral,Negative,73,30,197
pete.xBokmGo4vrg.00.txt,Neutral,Neutral,14,48,238
donald.3bEqkOTJ9eA.19.txt,Neutral,Neutral,14,15,220
joe.FiPVOx-cAfQ.02.txt,Negative,Negative,26,158,59
beto.vwu_srxJOWg.02.txt,Neutral,Negative,4,3,293
kamala.XiorcQd7tzQ.02.txt,Neutral,Negative,114,6,180
elizabeth.h4WIQJtJL6A.26.txt,Positive,Neutral,132,47,61
kamala.VKBs2GQNlGw.18.txt,Negative,Negative,53,114,109
julian.ceYazOAJE28.17.txt,Neutral,Neutral,28,28,244
beto.dzbPwgKsHbY.25.txt,Neutral,Neutral,38,47,163
bernie.QFlLjoqher0.00.txt,Negative,Neutral,14,145,137
amy.IIrv5o2i_Hs.07.txt,Positive,Positive,221,47,32
donald.O9__G3I0Mc0.10.txt,Negative,Neutral,3,195,102
cory.bvSfBCCJPfg.01.txt,Positive,Neutral,116,78,106
elizabeth.h4WIQJtJL6A.13.txt,Positive,Neutral,153,30,57
cory.5k8wnrVOnik.08.txt,Negative,Positive,3,18,18
bernie.jNHOwtt2OoE.16.txt,Neutral,Neutral,37,28,235
andrew.eVyUgylQYyI.00.txt,Neutral,Neutral,6,74,170
pete.z85rKK-HoRI.04.txt,Neutral,Positive,107,0,183
elizabeth.h4WIQJtJL6A.18.txt,Positive,Negative,160,27,53
elizabeth.9-DJBZ1I4Vw.14.txt,Positive,Positive,204,70,26
bernie.jNHOwtt2OoE.11.txt,Positive,Negative,208,25,67
donald.MyJ21nxo_QQ.02.txt,Neutral,Neutral,2,92,200
donald.MyJ21nxo_QQ.17.txt,Neutral,Neutral,53,93,134
donald.aEzmj9yZw2w.00.txt,Neutral,Neutral,70,31,113
joe.Gm2RFvTZOiA.03.txt,Neutral,Positive,35,0,177
donald.xa7MY2_pmxU.03.txt,Neutral,Neutral,76,101,122
pete.u5NzxlSSl-4.20.txt,Neutral,Neutral,6,0,294
kamala.XiorcQd7tzQ.08.txt,Positive,Positive,222,1,77
bernie.0N9_4jx3ZvM.02.txt,Neutral,Negative,1,38,262
pete.u5NzxlSSl-4.31.txt,Neutral,Neutral,20,7,273
andrew.DPbXKhScDEI.04.txt,Neutral,Positive,25,10,253
pete.iJBGlThAQY4.05.txt,Neutral,Neutral,49,92,159
elizabeth.2kunAd7t5e8.00.txt,Negative,Positive,84,272,244
bernie.bmsbpmI1Ty4.16.txt,Neutral,Negative,43,110,142
kamala.aTO3DQ-MxIQ.02.txt,Positive,Neutral,105,41,94
joe.93Ma8CX6Jzo.02.txt,Neutral,Neutral,1,1,298
bernie.NZ_WulgST3U.15.txt,Neutral,Neutral,42,10,218
bernie.bmsbpmI1Ty4.06.txt,Negative,Neutral,3,201,75
andrew.DPbXKhScDEI.05.txt,Neutral,Neutral,94,13,185
beto.esizfD25YKU.00.txt,Neutral,Positive,61,55,184
elizabeth.9-DJBZ1I4Vw.09.txt,Positive,Positive,213,51,36
joe.Gm2RFvTZOiA.00.txt,Neutral,Neutral,13,5,228
kamala.aTO3DQ-MxIQ.04.txt,Neutral,Negative,79,45,149
julian.qPdQL5jT0KA.00.txt,Neutral,Neutral,11,32,185
donald.h7q5PSYH4Xk.01.txt,Negative,Neutral,0,191,104
bernie.NZ_WulgST3U.01.txt,Neutral,Negative,18,30,250
bernie.RPZVxKBLHiw.03.txt,Neutral,Positive,55,27,192
joe.Ja7e3tUwdJA.18.txt,Neutral,Neutral,16,30,74
joe.SFAHcLh5Dl0.16.txt,Neutral,Neutral,0,30,190
donald.MyJ21nxo_QQ.07.txt,Neutral,Negative,6,77,107
julian.3KzmsMOoP6Y.06.txt,Neutral,Negative,35,61,151
pete.u5NzxlSSl-4.26.txt,Neutral,Neutral,7,0,293
joe.oM10W_hLaS8.01.txt,Negative,Neutral,2,138,133
beto.lMVhL6OOuR0.00.txt,Neutral,Neutral,63,50,183
joe.SFAHcLh5Dl0.10.txt,Neutral,Negative,2,55,162
julian.Xg6M6smFXBo.12.txt,Neutral,Neutral,8,25,267
kamala.UoYcfJfL0I4.00.txt,Neutral,Positive,122,2,126
andrew.DPbXKhScDEI.03.txt,Neutral,Positive,3,27,270
bernie.q9W6lkIz8jU.00.txt,Neutral,Neutral,19,84,197
amy.s5TGkY4isS4.00.v.txt,Positive,Positive,87,14,45
pete.xBokmGo4vrg.12.txt,Neutral,Neutral,18,13,269
beto.dzbPwgKsHbY.36.txt,Neutral,Neutral,103,18,115
andrew.0k9pOXSfy0E.31.txt,Neutral,Neutral,182,19,399
beto.-fQyfFNSVZg.08.txt,Positive,Neutral,124,88,88
donald.3bEqkOTJ9eA.16.txt,Neutral,Negative,1,113,136
bernie.bmsbpmI1Ty4.12.txt,Negative,Neutral,32,163,104
bernie.q8urUcjXsTA.01.txt,Negative,Negative,27,109,52
amy.Z3nQ8ld64YE.01.v.txt,Positive,Positive,134,40,76
julian.3KzmsMOoP6Y.05.txt,Neutral,Positive,28,41,182
bernie.bmsbpmI1Ty4.22.txt,Negative,Negative,2,171,124
amy.r5V1WubFQvI.00.v.txt,Positive,Positive,118,11,99
pete.u5NzxlSSl-4.38.txt,Neutral,Neutral,36,25,239
bernie.uMiM6XonnPM.00.txt,Neutral,Neutral,65,80,115
donald.O9__G3I0Mc0.01.txt,Negative,Negative,5,230,65
julian.UlqLOzIUW_U.02.txt,Negative,Neutral,32,226,42
pete.u5NzxlSSl-4.19.txt,Neutral,Neutral,11,4,285
joe.SFAHcLh5Dl0.19.txt,Neutral,Negative,0,39,175
amy.Sm_NnVrD88M.01.v.txt,Neutral,Neutral,32,6,213
andrew.iqiZCFkVoRU.01.txt,Neutral,Neutral,37,30,184
amy.et8OM7Ly5yw.00.v.txt,Neutral,Neutral,53,16,182
andrew.Ln6NhfUZPqQ.01.txt,Neutral,Positive,11,3,222
beto.yW1HPoqqB_8.01.txt,Neutral,Neutral,36,92,172
amy.m2E6HWZQ8nM.05.txt,Neutral,Neutral,91,65,144
amy.DpmOY2m27jY.04.txt,Neutral,Positive,123,31,145
julian.ceYazOAJE28.19.txt,Positive,Neutral,162,95,43
elizabeth.wrbtH3y52mU.06.txt,Negative,Negative,15,147,138
andrew.0k9pOXSfy0E.26.txt,Neutral,Neutral,1,11,588
cory.nWk94KlI5hI.00.txt,Neutral,Negative,35,25,227
kamala.a0Kf9YIXSVk.03.txt,Neutral,Neutral,39,47,214
julian.1kTI8XGAKnk.00.txt,Neutral,Positive,33,11,196
elizabeth.h4WIQJtJL6A.25.txt,Neutral,Neutral,72,27,141
amy.65TkrBa1sdU.01.v.txt,Neutral,Neutral,0,0,251
beto.dmKecHbkCQk.04.txt,Neutral,Neutral,77,8,215
andrew.cJrKz9V5Ltg.00.txt,Neutral,Neutral,101,6,193
amy.HGvqJI2MC6U.04.txt,Positive,Neutral,200,23,77
andrew.50aDxO2uscs.26.txt,Neutral,Neutral,64,15,211
bernie.XuI10dasQDY.00.txt,Neutral,Negative,31,60,197
andrew.0k9pOXSfy0E.32.txt,Neutral,Neutral,53,4,543
andrew.cTsEzmFamZ8.01.txt,Positive,Positive,159,1,90
pete.V6G7nlHs3ZM.02.txt,Neutral,Neutral,6,38,256
amy.4xD6Ec4g5N0.01.v.txt,Positive,Positive,172,17,55
beto.H3ZQ62v165I.02.txt,Positive,Negative,121,4,115
beto.DXIklJWTn6Y.02.txt,Positive,Neutral,273,5,22
joe.oM10W_hLaS8.05.txt,Negative,Neutral,1,146,109
beto.1ZG6pku_pWY.23.txt,Neutral,Neutral,1,7,292
joe.DVv3KGe6sBE.01.txt,Neutral,Neutral,8,89,203
andrew.0w8qpKhZR2s.00.txt,Neutral,Negative,65,15,74
bernie.bmsbpmI1Ty4.15.txt,Negative,Negative,34,141,125
pete.u5NzxlSSl-4.36.txt,Neutral,Neutral,4,2,294
bernie.bmsbpmI1Ty4.23.txt,Negative,Negative,9,173,117
bernie.q9W6lkIz8jU.01.txt,Neutral,Neutral,11,102,187
donald.QqVYRTHJ8Rw.01.txt,Neutral,Positive,106,76,118
donald.3bEqkOTJ9eA.15.txt,Neutral,Neutral,5,84,161
donald.O9__G3I0Mc0.07.txt,Negative,Neutral,4,165,112
joe.Gm2RFvTZOiA.04.txt,Neutral,Negative,7,4,240
cory.tRXvQ3PQDiY.02.txt,Neutral,Negative,84,74,84
pete.BVWdUT-4PMw.01.txt,Neutral,Positive,66,40,194
cory.XmZkY-MCXSI.01.txt,Neutral,Negative,31,8,261
kamala.GRGtnw3Ie14.01.txt,Neutral,Positive,58,57,135
beto.lMZ1EjVyAAE.06.txt,Positive,Negative,174,57,69
bernie.cfpwoVROJBo.00.txt,Neutral,Negative,2,41,257
pete.z85rKK-HoRI.14.txt,Neutral,Positive,53,0,247
kamala.VKBs2GQNlGw.21.txt,Positive,Positive,113,101,83
joe.SZbCvfTQdcM.00.txt,Neutral,Neutral,12,13,40
cory.5k8wnrVOnik.03.txt,Neutral,Neutral,35,5,89
joe.Ja7e3tUwdJA.02.txt,Neutral,Neutral,32,15,73
pete.zFDTkD3A7vU.02.txt,Neutral,Positive,126,21,152
joe.0MBydpVL4-k.12.txt,Neutral,Negative,16,106,111
julian.QtsE34OY0mw.21.txt,Neutral,Neutral,25,71,201
julian.PjfV5Blj3vY.02.txt,Neutral,Negative,17,29,204
donald.h7q5PSYH4Xk.17.txt,Neutral,Neutral,7,144,145
julian.ceYazOAJE28.12.txt,Neutral,Neutral,38,9,253
andrew.DPbXKhScDEI.02.txt,Neutral,Positive,0,2,295
kamala.VKBs2GQNlGw.06.txt,Positive,Positive,275,6,19
andrew.0k9pOXSfy0E.34.txt,Neutral,Neutral,10,17,573
pete.z85rKK-HoRI.00.txt,Neutral,Negative,17,3,280
cory.jaXt8gMKctk.00.txt,Neutral,Positive,24,12,146
elizabeth.Bx0Jr9yOSu4.01.txt,Positive,Positive,132,109,60
julian.QtsE34OY0mw.14.txt,Neutral,Negative,4,51,194
bernie.q8urUcjXsTA.00.txt,Negative,Neutral,82,187,14
cory.XmZkY-MCXSI.00.txt,Neutral,Positive,117,2,181
amy.8-bpNaKUupk.01.txt,Neutral,Neutral,45,70,104
andrew.50aDxO2uscs.43.txt,Neutral,Neutral,14,56,217
joe.0MBydpVL4-k.08.txt,Negative,Neutral,9,118,118
andrew.Yi1uWd4ZGQI.00.txt,Neutral,Positive,99,25,122
donald.MyJ21nxo_QQ.05.txt,Neutral,Negative,1,61,180
andrew.50aDxO2uscs.11.txt,Neutral,Neutral,65,54,164
elizabeth.h4WIQJtJL6A.21.txt,Positive,Neutral,127,23,90
elizabeth.GQ6JnsTEUXw.02.txt,Neutral,Negative,118,43,131
bernie.RPZVxKBLHiw.07.txt,Neutral,Positive,46,34,220
andrew.50aDxO2uscs.38.txt,Neutral,Neutral,23,16,251
kamala.oUh_vkgm6_A.00.txt,Neutral,Negative,5,95,151
kamala.wZTL727W8Vw.00.txt,Neutral,Positive,51,28,204
beto.esizfD25YKU.02.txt,Neutral,Neutral,64,56,180
pete.u5NzxlSSl-4.10.txt,Neutral,Neutral,17,8,275
pete.9JuDyoLsdpg.04.txt,Positive,Neutral,139,0,11
donald.9Ct43xvDYDE.00.txt,Neutral,Neutral,0,44,168
========================,,,,,
accuracy: 53.94%,,,,,